gene,importance
ENSG00000092969.12,0.047430668
ENSG00000197728.11,0.04659813
ENSG00000125848.10,0.046304733
ENSG00000181019.13,0.046211146
ENSG00000187017.17,0.04501801
ENSG00000163485.17,0.04494092
ENSG00000240342.3,0.044416934
ENSG00000249242.8,0.04392794
ENSG00000116991.11,0.04381456
ENSG00000120093.11,0.043792963
ENSG00000182742.6,0.0433193
ENSG00000249859.12,0.043171227
ENSG00000149294.17,0.043059193
ENSG00000105219.10,0.042883795
ENSG00000282933.2,0.04279184
ENSG00000138028.16,0.041778382
ENSG00000135472.9,0.041509476
ENSG00000139055.7,0.041214745
ENSG00000277075.2,0.040960457
ENSG00000087258.16,0.040714566
ENSG00000273802.2,0.04062575
ENSG00000189223.15,0.04028378
ENSG00000196876.18,0.039951913
ENSG00000176153.12,0.039947934
ENSG00000130513.6,0.039916057
ENSG00000250120.8,0.03953638
ENSG00000120075.5,0.039519187
ENSG00000171102.14,0.03942826
ENSG00000079841.18,0.03919714
ENSG00000107165.13,0.039115444
ENSG00000124429.18,0.038847174
ENSG00000101255.11,0.03869276
ENSG00000111341.10,0.038688555
ENSG00000128536.16,0.03853408
ENSG00000158406.5,0.03841571
ENSG00000154654.15,0.0381134
ENSG00000166509.12,0.038061995
ENSG00000119698.12,0.038012836
ENSG00000185352.8,0.037989855
ENSG00000196139.14,0.03795179
ENSG00000042062.13,0.037857853
ENSG00000197261.11,0.037799682
ENSG00000100228.12,0.037649754
ENSG00000287550.1,0.03726543
ENSG00000147883.12,0.03723191
ENSG00000196787.3,0.037148423
ENSG00000066468.23,0.03690358
ENSG00000149269.10,0.03684275
ENSG00000147485.13,0.036818307
ENSG00000278828.1,0.036725353
ENSG00000173848.19,0.03671814
ENSG00000204140.10,0.03664155
ENSG00000006747.15,0.03642701
ENSG00000155906.19,0.0363626
ENSG00000164283.13,0.03622323
ENSG00000179915.24,0.036167495
ENSG00000138821.13,0.03606835
ENSG00000150281.7,0.035842348
ENSG00000107954.10,0.035748735
ENSG00000183780.13,0.035636418
ENSG00000170873.19,0.035504926
ENSG00000174469.23,0.03531062
ENSG00000171617.14,0.03516205
ENSG00000210196.2,0.035144154
ENSG00000144451.19,0.03508986
ENSG00000177685.17,0.03505981
ENSG00000119535.18,0.034734827
ENSG00000137745.12,0.034711123
ENSG00000147394.18,0.034514483
ENSG00000183844.17,0.034453947
ENSG00000179403.12,0.03420622
ENSG00000116329.11,0.034193706
ENSG00000140416.23,0.034101635
ENSG00000124785.9,0.034009766
ENSG00000233101.10,0.03371818
ENSG00000110195.14,0.03353754
ENSG00000126016.16,0.033530585
ENSG00000286381.1,0.033418823
ENSG00000108511.10,0.033310544
ENSG00000104267.10,0.03329716
ENSG00000170577.8,0.033251133
ENSG00000160183.17,0.033206616
ENSG00000173917.10,0.033046097
ENSG00000184956.16,0.033041976
ENSG00000228232.1,0.033024985
ENSG00000167552.14,0.03299228
ENSG00000139352.4,0.032782394
ENSG00000237438.7,0.032689624
ENSG00000186891.14,0.032689262
ENSG00000008735.14,0.032556716
ENSG00000242265.6,0.032553874
ENSG00000158106.14,0.032478113
ENSG00000254349.6,0.032421127
ENSG00000198535.5,0.032395717
ENSG00000186153.17,0.03232479
ENSG00000053747.17,0.032309312
ENSG00000196208.14,0.032293692
ENSG00000128274.17,0.032280106
ENSG00000050438.17,0.03215677
ENSG00000126778.12,0.03209553
ENSG00000244300.3,0.032031853
ENSG00000157303.11,0.03201357
ENSG00000150893.11,0.031942435
ENSG00000049089.15,0.031844493
ENSG00000221890.6,0.03180173
ENSG00000224189.8,0.031774815
ENSG00000099954.18,0.03170739
ENSG00000182272.12,0.031621568
ENSG00000156413.14,0.03153264
ENSG00000130164.14,0.0315035
ENSG00000176293.20,0.03142089
ENSG00000166391.15,0.031361442
ENSG00000185686.18,0.0312662
ENSG00000260027.5,0.031204717
ENSG00000229391.7,0.03105743
ENSG00000155761.14,0.031010043
ENSG00000175879.9,0.030975506
ENSG00000198797.7,0.030893352
ENSG00000215218.4,0.030764377
ENSG00000062282.15,0.03073545
ENSG00000170561.13,0.03072714
ENSG00000125148.7,0.030712493
ENSG00000111859.17,0.030680643
ENSG00000188157.15,0.030639382
ENSG00000080493.18,0.03052553
ENSG00000138449.11,0.030506056
ENSG00000143753.13,0.03048932
ENSG00000198681.7,0.030418238
ENSG00000146555.19,0.03040946
ENSG00000165863.17,0.03040791
ENSG00000287151.1,0.030393325
ENSG00000130822.16,0.030356526
ENSG00000179348.12,0.030342355
ENSG00000188738.15,0.030270228
ENSG00000262902.1,0.030238967
ENSG00000186665.10,0.030198032
ENSG00000141293.16,0.030135721
ENSG00000178826.11,0.030104645
ENSG00000163751.4,0.030041803
ENSG00000117226.12,0.029938089
ENSG00000232629.9,0.029915888
ENSG00000077327.16,0.029891053
ENSG00000056998.20,0.029798103
ENSG00000211968.3,0.029780598
ENSG00000124635.9,0.029767951
ENSG00000178538.10,0.029753247
ENSG00000140538.16,0.02973645
ENSG00000196155.13,0.02968328
ENSG00000090104.12,0.0296182
ENSG00000135218.19,0.029608713
ENSG00000154760.14,0.029577848
ENSG00000163399.16,0.029575601
ENSG00000118785.14,0.029550668
ENSG00000022556.16,0.029543594
ENSG00000043039.7,0.029456658
ENSG00000120129.6,0.029418478
ENSG00000092096.18,0.029414177
ENSG00000131398.15,0.029413236
ENSG00000074211.14,0.029399911
ENSG00000173221.14,0.029309325
ENSG00000166681.14,0.029146649
ENSG00000069812.11,0.029116124
ENSG00000185201.16,0.02910981
ENSG00000008394.13,0.029013943
ENSG00000095203.14,0.02898332
ENSG00000211942.3,0.028809818
ENSG00000109814.12,0.028796788
ENSG00000102265.12,0.028791092
ENSG00000145451.13,0.028719228
ENSG00000105852.11,0.028708879
ENSG00000163071.11,0.028566284
ENSG00000253998.3,0.028515562
ENSG00000109576.14,0.028492674
ENSG00000178878.13,0.028427213
ENSG00000112812.16,0.028366698
ENSG00000161249.21,0.028361741
ENSG00000163531.15,0.028330987
ENSG00000185290.4,0.02828988
ENSG00000275713.2,0.028266262
ENSG00000173175.15,0.028260652
ENSG00000180914.10,0.02821878
ENSG00000142178.9,0.028214224
ENSG00000174945.13,0.028213127
ENSG00000189120.5,0.028204897
ENSG00000161395.14,0.028165186
ENSG00000078295.17,0.028085876
ENSG00000166927.13,0.0280802
ENSG00000198650.11,0.028054917
ENSG00000168615.13,0.028046867
ENSG00000139211.7,0.028001966
ENSG00000237940.3,0.02799218
ENSG00000149534.9,0.027978217
ENSG00000249306.6,0.027924739
ENSG00000188171.16,0.027893243
ENSG00000197594.13,0.02788722
ENSG00000189431.8,0.0278249
ENSG00000133687.16,0.02776458
ENSG00000064651.14,0.02775914
ENSG00000152078.10,0.027700085
ENSG00000074416.14,0.0276961
ENSG00000182263.14,0.027599249
ENSG00000114737.16,0.027591232
ENSG00000103034.14,0.027523397
ENSG00000164171.11,0.027500512
ENSG00000134769.21,0.027479248
ENSG00000162909.18,0.027443547
ENSG00000159184.8,0.027342908
ENSG00000048052.22,0.027312776
ENSG00000276180.1,0.02710269
ENSG00000205133.12,0.027084483
ENSG00000265972.6,0.02707164
ENSG00000030419.16,0.026987378
ENSG00000137819.14,0.02698533
ENSG00000185760.17,0.026944019
ENSG00000182013.18,0.026873343
ENSG00000280119.1,0.026869034
ENSG00000266074.10,0.02685853
ENSG00000136717.15,0.026851514
ENSG00000113763.12,0.026851004
ENSG00000213225.7,0.026807092
ENSG00000136457.10,0.02679789
ENSG00000142089.16,0.026766123
ENSG00000085741.13,0.026676157
ENSG00000172461.11,0.026674325
ENSG00000237541.4,0.026650224
ENSG00000168672.4,0.026581421
ENSG00000287262.1,0.026562
ENSG00000219438.9,0.026523348
ENSG00000197308.9,0.026520586
ENSG00000143816.8,0.026453396
ENSG00000197457.10,0.02636701
ENSG00000153446.16,0.026346993
ENSG00000145819.18,0.026316613
ENSG00000175899.15,0.026272038
ENSG00000113396.13,0.026246853
ENSG00000151458.12,0.026246214
ENSG00000081803.16,0.026223188
ENSG00000144452.15,0.02619102
ENSG00000178401.16,0.026173024
ENSG00000133315.12,0.026151875
ENSG00000008513.16,0.026128905
ENSG00000198807.13,0.02611935
ENSG00000175264.8,0.026079366
ENSG00000090661.12,0.026058553
ENSG00000204434.6,0.026041312
ENSG00000093072.18,0.025990788
ENSG00000108551.5,0.025920622
ENSG00000175161.14,0.025917945
ENSG00000171236.10,0.025917714
ENSG00000197903.8,0.025871325
ENSG00000172164.15,0.025856022
ENSG00000253154.2,0.025843302
ENSG00000083782.8,0.025842005
ENSG00000105048.17,0.025816625
ENSG00000104205.16,0.025691843
ENSG00000077279.19,0.025630249
ENSG00000123095.6,0.025628071
ENSG00000135842.17,0.02554387
ENSG00000153714.6,0.025537498
ENSG00000198910.14,0.025536746
ENSG00000137486.17,0.02553646
ENSG00000064393.16,0.025525581
ENSG00000101276.18,0.02551936
ENSG00000198915.12,0.025508234
ENSG00000143578.16,0.025488747
ENSG00000185507.21,0.025488568
ENSG00000155792.10,0.02548466
ENSG00000005249.13,0.025463847
ENSG00000164116.17,0.025442805
ENSG00000186493.13,0.025411304
ENSG00000111716.14,0.025339542
ENSG00000267640.6,0.025271213
ENSG00000153292.16,0.025258658
ENSG00000073282.14,0.025244692
ENSG00000171368.12,0.02523455
ENSG00000114770.17,0.025230728
ENSG00000111674.9,0.025176633
ENSG00000007038.11,0.025154196
ENSG00000167700.9,0.025089467
ENSG00000134602.16,0.025064705
ENSG00000106605.11,0.025048612
ENSG00000008323.15,0.02504309
ENSG00000141756.19,0.025027372
ENSG00000171130.18,0.025015011
ENSG00000226745.2,0.024984218
ENSG00000064195.7,0.024971075
ENSG00000183508.5,0.024911894
ENSG00000123094.15,0.02484996
ENSG00000104549.12,0.024806818
ENSG00000113430.10,0.024656227
ENSG00000188906.16,0.024618294
ENSG00000223808.1,0.024600854
ENSG00000267519.6,0.024589797
ENSG00000039537.14,0.024578935
ENSG00000070731.11,0.024557915
ENSG00000146476.11,0.024535725
ENSG00000160284.15,0.024508918
ENSG00000162444.12,0.0244926
ENSG00000243264.2,0.024491318
ENSG00000102890.16,0.024486328
ENSG00000143365.19,0.024383565
ENSG00000142102.16,0.024370214
ENSG00000170345.10,0.024360387
ENSG00000176485.12,0.02434336
ENSG00000196482.18,0.02432889
ENSG00000067840.12,0.024299987
ENSG00000155093.19,0.024261579
ENSG00000130522.6,0.024250379
ENSG00000274750.2,0.024238087
ENSG00000178163.8,0.02422691
ENSG00000101333.17,0.024197834
ENSG00000130600.19,0.024159564
ENSG00000168528.12,0.024140714
ENSG00000214456.8,0.024130305
ENSG00000130702.15,0.024107043
ENSG00000198832.10,0.024100142
ENSG00000117984.15,0.024082905
ENSG00000170373.8,0.024037441
ENSG00000196781.16,0.023992153
ENSG00000170419.11,0.023927802
ENSG00000131771.14,0.023906862
ENSG00000091129.21,0.023892617
ENSG00000143507.18,0.023854936
ENSG00000099256.19,0.023832506
ENSG00000176244.7,0.023819897
ENSG00000237686.7,0.023771888
ENSG00000149968.12,0.023764113
ENSG00000008196.13,0.023739036
ENSG00000082781.12,0.02373806
ENSG00000225698.3,0.023735594
ENSG00000188921.14,0.023694927
ENSG00000162482.5,0.023681564
ENSG00000099204.20,0.023643449
ENSG00000170382.12,0.023639897
ENSG00000183734.4,0.023624133
ENSG00000173281.5,0.023606604
ENSG00000162896.6,0.023561584
ENSG00000147889.18,0.023540772
ENSG00000185630.19,0.023540307
ENSG00000165912.16,0.023509827
ENSG00000111058.8,0.023465576
ENSG00000104723.21,0.023450581
ENSG00000137975.8,0.02344968
ENSG00000099282.10,0.023388745
ENSG00000180190.12,0.023377895
ENSG00000256229.8,0.023344351
ENSG00000277363.5,0.023339849
ENSG00000174938.14,0.023317568
ENSG00000162817.7,0.02330934
ENSG00000166206.15,0.0232964
ENSG00000198695.2,0.023285732
ENSG00000176884.16,0.023264075
ENSG00000006042.12,0.023263834
ENSG00000165457.14,0.02326082
ENSG00000171766.17,0.023197027
ENSG00000079335.20,0.023195274
ENSG00000259479.6,0.023147114
ENSG00000165300.7,0.02314403
ENSG00000166928.11,0.023115862
ENSG00000165138.18,0.023080075
ENSG00000123104.12,0.02307052
ENSG00000145681.11,0.023028625
ENSG00000140323.6,0.023023197
ENSG00000103942.13,0.023019064
ENSG00000161243.9,0.023018142
ENSG00000149273.15,0.023017436
ENSG00000117154.12,0.023010027
ENSG00000006015.18,0.02289806
ENSG00000244468.1,0.02285763
ENSG00000245750.10,0.02285467
ENSG00000170044.8,0.022853585
ENSG00000152669.9,0.022850303
ENSG00000176788.9,0.022843327
ENSG00000185477.5,0.022839528
ENSG00000137747.16,0.022785844
ENSG00000276547.1,0.02278152
ENSG00000224559.2,0.022780033
ENSG00000108947.5,0.022765106
ENSG00000172828.13,0.02270653
ENSG00000198046.12,0.022687763
ENSG00000188559.15,0.02268045
ENSG00000130653.16,0.022673547
ENSG00000138080.14,0.022665704
ENSG00000086548.9,0.022653766
ENSG00000126262.5,0.022636967
ENSG00000170381.14,0.022623653
ENSG00000135480.16,0.0226026
ENSG00000072310.17,0.02258829
ENSG00000129951.19,0.022572955
ENSG00000078018.20,0.022526408
ENSG00000105289.15,0.022518734
ENSG00000140961.14,0.022505548
ENSG00000165655.17,0.022485074
ENSG00000151725.12,0.022480695
ENSG00000167880.8,0.022474332
ENSG00000170477.13,0.022472404
ENSG00000122877.16,0.02245756
ENSG00000173334.4,0.02244851
ENSG00000095917.14,0.02242378
ENSG00000177359.20,0.022423249
ENSG00000019582.15,0.02241294
ENSG00000106003.13,0.02241027
ENSG00000139629.16,0.02240656
ENSG00000148488.17,0.022405973
ENSG00000082497.12,0.022403605
ENSG00000138650.9,0.022393456
ENSG00000171246.6,0.022377847
ENSG00000166961.15,0.022340612
ENSG00000127951.8,0.02232675
ENSG00000155961.5,0.022313226
ENSG00000246705.4,0.022307655
ENSG00000129538.14,0.02225222
ENSG00000111961.18,0.02225084
ENSG00000187474.5,0.022187259
ENSG00000100867.15,0.022165911
ENSG00000058404.20,0.022151763
ENSG00000033327.13,0.022125483
ENSG00000169908.12,0.022097318
ENSG00000125534.10,0.022094268
ENSG00000204442.4,0.022092098
ENSG00000116675.16,0.02208907
ENSG00000109099.16,0.022024412
ENSG00000110693.18,0.02200202
ENSG00000100842.13,0.02199018
ENSG00000132321.17,0.021950962
ENSG00000160161.9,0.021946153
ENSG00000282651.2,0.021943374
ENSG00000180573.9,0.021924298
ENSG00000168010.11,0.02185906
ENSG00000169783.13,0.021810243
ENSG00000180694.14,0.021793699
ENSG00000165061.15,0.021761844
ENSG00000121858.11,0.0217603
ENSG00000135750.15,0.021726673
ENSG00000167759.13,0.021709085
ENSG00000147852.16,0.021633819
ENSG00000169122.11,0.021612909
ENSG00000184937.16,0.02153306
ENSG00000272674.3,0.021526452
ENSG00000169715.15,0.021524593
ENSG00000066382.16,0.021523269
ENSG00000165474.8,0.021508174
ENSG00000167081.18,0.021505106
ENSG00000287914.1,0.02149931
ENSG00000175265.17,0.02149249
ENSG00000110169.11,0.021457475
ENSG00000123124.14,0.021422312
ENSG00000144648.16,0.02141916
ENSG00000168269.10,0.021403488
ENSG00000129654.8,0.021365175
ENSG00000100473.18,0.02135777
ENSG00000163110.15,0.021327132
ENSG00000140263.15,0.021322345
ENSG00000058085.15,0.021314306
ENSG00000021300.14,0.021308187
ENSG00000099953.10,0.021284476
ENSG00000184709.7,0.021223081
ENSG00000275896.6,0.021219855
ENSG00000198077.10,0.021209074
ENSG00000196196.3,0.02120695
ENSG00000138193.16,0.021193564
ENSG00000100504.17,0.021147244
ENSG00000162975.5,0.021143002
ENSG00000127084.19,0.021117786
ENSG00000151693.11,0.02109021
ENSG00000127252.7,0.021084331
ENSG00000276644.5,0.021081198
ENSG00000183486.13,0.021080907
ENSG00000137266.15,0.021078246
ENSG00000165188.13,0.021071617
ENSG00000170271.11,0.021061826
ENSG00000168243.11,0.021054644
ENSG00000214652.6,0.021033293
ENSG00000230882.1,0.021017408
ENSG00000143248.13,0.021013008
ENSG00000235123.5,0.021009006
ENSG00000130203.10,0.021008423
ENSG00000171798.18,0.020999044
ENSG00000077274.9,0.020992665
ENSG00000187837.4,0.02098936
ENSG00000105664.11,0.020984085
ENSG00000204287.14,0.020925362
ENSG00000179750.16,0.02092173
ENSG00000175318.12,0.020899363
ENSG00000158008.10,0.020896398
ENSG00000102393.14,0.020879054
ENSG00000196976.7,0.02087332
ENSG00000047634.15,0.020853534
ENSG00000048540.15,0.020851698
ENSG00000091831.24,0.020845475
ENSG00000151117.9,0.020843668
ENSG00000116574.6,0.020836914
ENSG00000096696.14,0.02083319
ENSG00000139144.11,0.020813964
ENSG00000123836.15,0.020813491
ENSG00000151090.20,0.02080323
ENSG00000198576.4,0.02080248
ENSG00000168453.15,0.020790296
ENSG00000152137.8,0.020787444
ENSG00000103723.16,0.020764358
ENSG00000163347.6,0.02076058
ENSG00000143418.20,0.020756684
ENSG00000166770.11,0.02072268
ENSG00000166825.15,0.020706652
ENSG00000178222.13,0.020662878
ENSG00000124107.5,0.020636076
ENSG00000108830.10,0.020633891
ENSG00000196542.8,0.02060183
ENSG00000092421.17,0.020589141
ENSG00000139044.12,0.020580225
ENSG00000122691.13,0.020575767
ENSG00000185885.16,0.020545617
ENSG00000166446.15,0.020531096
ENSG00000135111.16,0.020508217
ENSG00000176945.17,0.020466821
ENSG00000187122.17,0.020460654
ENSG00000176842.15,0.020458713
ENSG00000169862.19,0.020443061
ENSG00000175164.15,0.02042447
ENSG00000124253.11,0.020416122
ENSG00000262772.2,0.020399466
ENSG00000178814.17,0.020392999
ENSG00000147804.10,0.020387607
ENSG00000081923.15,0.020387515
ENSG00000107731.12,0.020380098
ENSG00000143502.15,0.020339007
ENSG00000112246.10,0.02032349
ENSG00000275395.6,0.020321917
ENSG00000173272.16,0.020297453
ENSG00000196872.12,0.020294761
ENSG00000197977.4,0.020270227
ENSG00000165507.9,0.020258663
ENSG00000143847.15,0.020249868
ENSG00000147724.12,0.020222273
ENSG00000159228.13,0.020198096
ENSG00000136997.21,0.020194964
ENSG00000165973.19,0.020190625
ENSG00000136636.13,0.020181973
ENSG00000204128.6,0.020166267
ENSG00000137203.15,0.02016503
ENSG00000145284.12,0.020159012
ENSG00000100385.14,0.020132378
ENSG00000110660.15,0.020111242
ENSG00000134184.13,0.020091526
ENSG00000205363.6,0.020058252
ENSG00000141738.14,0.02005188
ENSG00000019186.10,0.02005098
ENSG00000139289.13,0.020048158
ENSG00000118513.19,0.020041076
ENSG00000049323.16,0.020034939
ENSG00000175928.6,0.020006524
ENSG00000122741.16,0.020004354
ENSG00000165194.15,0.01999707
ENSG00000070081.17,0.019994237
ENSG00000162891.10,0.019991225
ENSG00000133321.11,0.019984202
ENSG00000188833.10,0.019943958
ENSG00000008300.17,0.019941704
ENSG00000203875.13,0.019937327
ENSG00000203668.3,0.019936657
ENSG00000003096.14,0.01993603
ENSG00000164684.13,0.019927492
ENSG00000006327.14,0.019922953
ENSG00000159167.12,0.019900879
ENSG00000120738.8,0.019892098
ENSG00000167996.16,0.019882336
ENSG00000253123.4,0.01987829
ENSG00000263961.8,0.01987172
ENSG00000168421.13,0.019842217
ENSG00000135454.14,0.019826075
ENSG00000104518.11,0.019810798
ENSG00000175544.14,0.019792398
ENSG00000135346.9,0.019777695
ENSG00000166405.15,0.019775443
ENSG00000106688.12,0.019767173
ENSG00000162782.16,0.019746283
ENSG00000126562.17,0.019741066
ENSG00000213062.5,0.01972702
ENSG00000082014.17,0.019712681
ENSG00000185565.12,0.019710623
ENSG00000122420.10,0.019707968
ENSG00000268686.2,0.019698337
ENSG00000038945.15,0.019691797
ENSG00000176978.14,0.019680668
ENSG00000144290.17,0.019677678
ENSG00000104490.18,0.019657737
ENSG00000272636.4,0.019628827
ENSG00000072195.15,0.019621685
ENSG00000164442.10,0.019613614
ENSG00000261578.1,0.019583244
ENSG00000116191.17,0.019581819
ENSG00000103089.9,0.019578159
ENSG00000233622.3,0.019563142
ENSG00000066294.15,0.019549489
ENSG00000172296.13,0.019531371
ENSG00000103044.11,0.019511137
ENSG00000137857.17,0.019504257
ENSG00000118985.16,0.019462194
ENSG00000111348.9,0.019434476
ENSG00000064270.13,0.019410659
ENSG00000096060.15,0.019405695
ENSG00000180263.14,0.019401254
ENSG00000164128.7,0.019394254
ENSG00000211448.13,0.019364709
ENSG00000286379.1,0.019348975
ENSG00000188883.5,0.019343264
ENSG00000151892.15,0.019338988
ENSG00000076554.15,0.019334547
ENSG00000231389.7,0.019322775
ENSG00000137558.9,0.019317102
ENSG00000063180.9,0.01929172
ENSG00000066583.12,0.01928333
ENSG00000182621.18,0.019247567
ENSG00000198732.11,0.01924265
ENSG00000128165.9,0.019240396
ENSG00000224259.7,0.019238094
ENSG00000286208.1,0.01923229
ENSG00000154553.16,0.019228717
ENSG00000157600.12,0.019225584
ENSG00000123572.17,0.019221669
ENSG00000127995.17,0.019221378
ENSG00000132854.19,0.019212857
ENSG00000223350.2,0.01917556
ENSG00000110171.20,0.019155925
ENSG00000161642.18,0.019143533
ENSG00000163040.15,0.019134106
ENSG00000185499.16,0.01913028
ENSG00000281406.2,0.019123659
ENSG00000197291.9,0.019112755
ENSG00000145934.16,0.019112602
ENSG00000172575.12,0.019100742
ENSG00000183778.17,0.019089531
ENSG00000157851.17,0.019083757
ENSG00000113578.18,0.019078925
ENSG00000107821.15,0.019051006
ENSG00000162804.14,0.019046443
ENSG00000124479.11,0.019046
ENSG00000188916.9,0.019037351
ENSG00000164764.11,0.0190368
ENSG00000152977.10,0.019034255
ENSG00000169562.13,0.019022064
ENSG00000186818.12,0.019021908
ENSG00000168309.18,0.01899644
ENSG00000083857.14,0.018989833
ENSG00000007216.15,0.018978016
ENSG00000172236.18,0.018941462
ENSG00000106546.14,0.018895578
ENSG00000169213.7,0.018890865
ENSG00000146070.17,0.018890698
ENSG00000198959.12,0.018887749
ENSG00000250510.8,0.018874437
ENSG00000132561.14,0.018873274
ENSG00000169991.11,0.018866442
ENSG00000158445.10,0.01885925
ENSG00000071073.13,0.018821804
ENSG00000158014.15,0.018820466
ENSG00000182648.13,0.01881482
ENSG00000196136.18,0.018808583
ENSG00000121552.4,0.01878551
ENSG00000272398.6,0.018782627
ENSG00000134121.10,0.018782483
ENSG00000277972.2,0.018708589
ENSG00000167754.13,0.018693091
ENSG00000110484.7,0.018690368
ENSG00000167701.14,0.018684713
ENSG00000225783.8,0.0186757
ENSG00000151640.13,0.018662727
ENSG00000104870.13,0.01865072
ENSG00000109107.14,0.018650673
ENSG00000091262.16,0.018645013
ENSG00000185187.13,0.018586354
ENSG00000151632.17,0.018584669
ENSG00000116141.17,0.018559745
ENSG00000163053.11,0.01855764
ENSG00000211670.2,0.018534683
ENSG00000102575.13,0.01853383
ENSG00000124762.14,0.018523207
ENSG00000204291.11,0.01851895
ENSG00000134802.18,0.018485375
ENSG00000186197.15,0.018482018
ENSG00000088826.18,0.018455975
ENSG00000112186.12,0.018413577
ENSG00000167861.16,0.018412452
ENSG00000144331.20,0.018403808
ENSG00000147027.4,0.01840081
ENSG00000164761.9,0.018400742
ENSG00000149212.12,0.01838825
ENSG00000106278.12,0.018384742
ENSG00000182704.8,0.018347576
ENSG00000146197.9,0.018342039
ENSG00000168916.15,0.018332675
ENSG00000174640.15,0.0182902
ENSG00000178773.15,0.01828528
ENSG00000172201.12,0.01827962
ENSG00000120162.10,0.018277688
ENSG00000180269.8,0.0182766
ENSG00000176641.11,0.018267915
ENSG00000166415.15,0.018252926
ENSG00000108582.12,0.018240118
ENSG00000163683.12,0.018210603
ENSG00000121413.13,0.01817613
ENSG00000101210.13,0.01817082
ENSG00000135052.16,0.018169401
ENSG00000176387.7,0.018165372
ENSG00000104055.16,0.018158082
ENSG00000077782.21,0.018156163
ENSG00000139865.16,0.01814235
ENSG00000076864.19,0.018127877
ENSG00000228630.5,0.01810763
ENSG00000167767.14,0.018091481
ENSG00000071909.19,0.018090073
ENSG00000136193.17,0.018076072
ENSG00000115896.16,0.018049145
ENSG00000100626.17,0.018048828
ENSG00000105519.18,0.0180277
ENSG00000133466.14,0.018005088
ENSG00000169071.15,0.017988397
ENSG00000133134.12,0.017986616
ENSG00000154198.14,0.017983565
ENSG00000175920.18,0.017979844
ENSG00000171124.13,0.017968379
ENSG00000166670.10,0.017961817
ENSG00000137563.13,0.017952772
ENSG00000069535.14,0.017937278
ENSG00000170786.12,0.017936504
ENSG00000124713.6,0.017923003
ENSG00000107105.15,0.017920243
ENSG00000064300.9,0.017915426
ENSG00000165125.22,0.017907104
ENSG00000163879.11,0.01789278
ENSG00000163536.13,0.017878763
ENSG00000136542.9,0.017867096
ENSG00000160179.19,0.017854542
ENSG00000139547.7,0.017847886
ENSG00000063660.9,0.017844886
ENSG00000151025.11,0.017839938
ENSG00000143333.7,0.017833129
ENSG00000163975.12,0.017833006
ENSG00000173227.14,0.017829811
ENSG00000287609.1,0.017825587
ENSG00000124171.9,0.017820735
ENSG00000127824.14,0.017819569
ENSG00000171346.16,0.017807165
ENSG00000236699.9,0.017784193
ENSG00000176907.5,0.017774798
ENSG00000100234.12,0.01774726
ENSG00000134830.6,0.017738052
ENSG00000261115.6,0.017727356
ENSG00000170893.4,0.017724417
ENSG00000162576.17,0.017713377
ENSG00000112379.9,0.01770663
ENSG00000203685.10,0.017678194
ENSG00000228971.3,0.017667808
ENSG00000088726.16,0.017652001
ENSG00000259459.6,0.017650375
ENSG00000168447.11,0.017647892
ENSG00000160182.3,0.01764322
ENSG00000103534.17,0.017633375
ENSG00000033867.16,0.01762145
ENSG00000171649.12,0.017619995
ENSG00000167964.13,0.017619174
ENSG00000164403.15,0.01761465
ENSG00000146757.14,0.01760898
ENSG00000132386.11,0.017607918
ENSG00000108018.15,0.017606422
ENSG00000134363.12,0.017602997
ENSG00000233237.8,0.017599355
ENSG00000183723.13,0.017593209
ENSG00000213047.13,0.01759109
ENSG00000134827.8,0.017550085
ENSG00000154310.17,0.017549457
ENSG00000137142.5,0.017525831
ENSG00000137474.22,0.017525738
ENSG00000109906.14,0.01751795
ENSG00000158869.11,0.01751609
ENSG00000189221.10,0.017509567
ENSG00000160111.14,0.017500522
ENSG00000183248.12,0.017483199
ENSG00000084710.14,0.0174823
ENSG00000196502.12,0.017475275
ENSG00000143797.12,0.01746774
ENSG00000100146.18,0.017467156
ENSG00000185924.7,0.017455703
ENSG00000156804.7,0.017429596
ENSG00000170458.14,0.017421912
ENSG00000049759.19,0.017417984
ENSG00000172159.16,0.017398044
ENSG00000103888.17,0.01739609
ENSG00000109452.12,0.017393839
ENSG00000156284.6,0.017382076
ENSG00000184678.10,0.01736803
ENSG00000198763.3,0.017364217
ENSG00000185101.13,0.01736282
ENSG00000143217.9,0.017327476
ENSG00000134531.10,0.017310416
ENSG00000164938.14,0.017309632
ENSG00000165731.20,0.017303146
ENSG00000100290.3,0.017260175
ENSG00000179593.16,0.017253133
ENSG00000166165.13,0.01725213
ENSG00000124942.14,0.017244168
ENSG00000135097.7,0.017243195
ENSG00000166963.13,0.017227866
ENSG00000109501.14,0.017226594
ENSG00000159399.10,0.017221924
ENSG00000196405.13,0.017216774
ENSG00000134716.11,0.017197168
ENSG00000164930.12,0.017180746
ENSG00000184557.4,0.017157882
ENSG00000164287.13,0.017143887
ENSG00000100985.7,0.017141758
ENSG00000165238.16,0.017135644
ENSG00000075340.23,0.017129825
ENSG00000161714.12,0.01712516
ENSG00000185008.17,0.017121226
ENSG00000213462.5,0.017117625
ENSG00000068615.19,0.017090952
ENSG00000244509.4,0.017089702
ENSG00000107485.18,0.017089251
ENSG00000104213.13,0.017066328
ENSG00000130589.16,0.017062517
ENSG00000198598.6,0.017022701
ENSG00000179715.13,0.017021455
ENSG00000238178.7,0.017020762
ENSG00000172380.6,0.017018111
ENSG00000163171.8,0.017014343
ENSG00000141741.12,0.017011048
ENSG00000141433.13,0.017003223
ENSG00000102243.13,0.01699148
ENSG00000261150.3,0.016986627
ENSG00000224389.9,0.016976958
ENSG00000115255.12,0.01696642
ENSG00000163814.8,0.016966075
ENSG00000165168.8,0.01695691
ENSG00000130396.20,0.016951796
ENSG00000102837.7,0.016945159
ENSG00000137393.10,0.016938848
ENSG00000174939.11,0.016938295
ENSG00000078401.7,0.016936194
ENSG00000204049.1,0.01693471
ENSG00000198840.2,0.016918052
ENSG00000152284.5,0.016916696
ENSG00000181634.8,0.016913751
ENSG00000111846.19,0.016912298
ENSG00000105281.12,0.016900219
ENSG00000166750.10,0.016887976
ENSG00000177570.15,0.016876582
ENSG00000106078.19,0.016867112
ENSG00000182667.14,0.016859131
ENSG00000106541.12,0.016846074
ENSG00000129595.14,0.016842512
ENSG00000168907.13,0.016837386
ENSG00000132170.23,0.016829368
ENSG00000105173.14,0.016819984
ENSG00000115844.11,0.016814379
ENSG00000175895.4,0.016802602
ENSG00000132329.11,0.016771603
ENSG00000145536.15,0.016753703
ENSG00000163923.10,0.016741255
ENSG00000095015.6,0.016725592
ENSG00000075275.18,0.016707815
ENSG00000125107.18,0.016700877
ENSG00000204516.10,0.01667942
ENSG00000138722.10,0.016664166
ENSG00000131650.14,0.016658349
ENSG00000029534.21,0.016650679
ENSG00000104341.17,0.016638707
ENSG00000010319.7,0.016632123
ENSG00000230838.1,0.016629148
ENSG00000178965.14,0.016606262
ENSG00000123066.9,0.016604325
ENSG00000154556.18,0.016595384
ENSG00000122584.13,0.016585128
ENSG00000127954.13,0.016574778
ENSG00000102886.15,0.016574202
ENSG00000146242.9,0.016568271
ENSG00000006555.11,0.01655671
ENSG00000196917.6,0.016552236
ENSG00000170624.13,0.016550979
ENSG00000162998.5,0.01655082
ENSG00000078898.7,0.016547626
ENSG00000117595.12,0.016540647
ENSG00000141314.13,0.016537396
ENSG00000180900.20,0.016505627
ENSG00000139970.17,0.0164936
ENSG00000256612.7,0.016476234
ENSG00000016391.11,0.016463935
ENSG00000139194.8,0.016455656
ENSG00000248810.2,0.016450547
ENSG00000163704.12,0.016442636
ENSG00000198589.14,0.016430164
ENSG00000124496.12,0.016416717
ENSG00000158555.15,0.016399682
ENSG00000164056.11,0.016370218
ENSG00000213468.7,0.016368164
ENSG00000196620.10,0.016362172
ENSG00000149418.11,0.016359992
ENSG00000125968.9,0.016351352
ENSG00000116990.11,0.016350318
ENSG00000112715.25,0.016329283
ENSG00000182871.16,0.01632622
ENSG00000183111.12,0.01629398
ENSG00000100078.4,0.01628824
ENSG00000169508.7,0.01628669
ENSG00000148735.15,0.016283814
ENSG00000166394.15,0.016262922
ENSG00000149043.16,0.016262146
ENSG00000225362.10,0.016257046
ENSG00000159263.16,0.016254663
ENSG00000153404.14,0.01624915
ENSG00000142765.18,0.016226046
ENSG00000163644.15,0.016206846
ENSG00000088881.21,0.016186487
ENSG00000161905.13,0.0161832
ENSG00000138798.13,0.01618213
ENSG00000144824.21,0.01617665
ENSG00000177380.14,0.016144216
ENSG00000106392.11,0.016140884
ENSG00000104219.13,0.016138405
ENSG00000173898.14,0.016114471
ENSG00000173698.18,0.016110355
ENSG00000129038.16,0.016098727
ENSG00000123388.4,0.01609204
ENSG00000143674.11,0.01608047
ENSG00000132932.17,0.016078785
ENSG00000146281.6,0.016063858
ENSG00000067798.16,0.016061544
ENSG00000175832.13,0.01604969
ENSG00000230061.2,0.016044764
ENSG00000168772.11,0.016041983
ENSG00000171517.6,0.016036887
ENSG00000110628.16,0.016014218
ENSG00000081237.20,0.01601342
ENSG00000104687.14,0.01601326
ENSG00000029725.17,0.016012881
ENSG00000198133.8,0.016011963
ENSG00000275342.5,0.016009884
ENSG00000171033.13,0.016007574
ENSG00000118515.11,0.01600284
ENSG00000138829.12,0.016001934
ENSG00000140937.14,0.015996618
ENSG00000108179.14,0.01597751
ENSG00000257335.8,0.015934018
ENSG00000214313.8,0.015925607
ENSG00000166106.3,0.015920622
ENSG00000161509.14,0.015918674
ENSG00000183098.11,0.015909145
ENSG00000175745.14,0.015907507
ENSG00000116133.13,0.015903978
ENSG00000280411.1,0.01589731
ENSG00000101463.6,0.015893972
ENSG00000166002.7,0.015891084
ENSG00000110492.15,0.01587743
ENSG00000177181.15,0.015873076
ENSG00000060982.15,0.01587065
ENSG00000088538.13,0.015844595
ENSG00000166225.9,0.0158418
ENSG00000164309.15,0.015841335
ENSG00000115963.13,0.015823578
ENSG00000074803.20,0.015817678
ENSG00000253755.1,0.015801191
ENSG00000205592.15,0.01578874
ENSG00000115461.5,0.015769713
ENSG00000152049.6,0.015769519
ENSG00000198542.14,0.015752701
ENSG00000268416.1,0.01575163
ENSG00000021826.17,0.015699064
ENSG00000150687.12,0.015697576
ENSG00000165434.8,0.015683493
ENSG00000114279.13,0.01568223
ENSG00000133477.17,0.015680697
ENSG00000173376.14,0.015667439
ENSG00000143653.10,0.015665833
ENSG00000198074.10,0.01563172
ENSG00000115295.20,0.015624328
ENSG00000184985.16,0.015617568
ENSG00000206341.7,0.015617356
ENSG00000079931.15,0.015613204
ENSG00000196427.13,0.015607761
ENSG00000156535.15,0.01558553
ENSG00000197629.6,0.015581305
ENSG00000246985.8,0.015566274
ENSG00000238117.1,0.0155498935
ENSG00000211893.4,0.015546986
ENSG00000188064.10,0.015543439
ENSG00000180155.20,0.015514161
ENSG00000162511.8,0.0154998265
ENSG00000172403.11,0.015491569
ENSG00000142619.4,0.015482954
ENSG00000163873.10,0.015473046
ENSG00000111186.13,0.015470275
ENSG00000186480.13,0.0154648535
ENSG00000140284.11,0.015463566
ENSG00000107249.23,0.015448171
ENSG00000095637.22,0.015447159
ENSG00000160888.7,0.015437663
ENSG00000161634.12,0.0154303275
ENSG00000122861.16,0.015424087
ENSG00000026025.16,0.015389103
ENSG00000088899.15,0.015377436
ENSG00000102109.9,0.015374029
ENSG00000004838.14,0.015373521
ENSG00000181751.10,0.015373273
ENSG00000181444.13,0.015367014
ENSG00000050030.16,0.015365627
ENSG00000173467.9,0.015361281
ENSG00000173391.9,0.015359487
ENSG00000171940.13,0.01535638
ENSG00000140443.15,0.01534668
ENSG00000162692.12,0.01532967
ENSG00000065833.9,0.015317064
ENSG00000178467.18,0.015313363
ENSG00000110092.4,0.0152871115
ENSG00000115828.17,0.015286699
ENSG00000167693.17,0.015279768
ENSG00000099960.13,0.015260167
ENSG00000132749.11,0.015245775
ENSG00000224271.7,0.015244995
ENSG00000105855.10,0.015243977
ENSG00000102962.5,0.0152419
ENSG00000137877.10,0.015241436
ENSG00000136155.17,0.015237308
ENSG00000001617.12,0.015231659
ENSG00000132031.13,0.015230945
ENSG00000205978.6,0.015216482
ENSG00000165816.13,0.015216224
ENSG00000182168.15,0.015210212
ENSG00000204740.11,0.015208683
ENSG00000237945.7,0.015207589
ENSG00000117519.16,0.015194571
ENSG00000152104.12,0.0151731
ENSG00000164626.9,0.015166553
ENSG00000198502.6,0.015136087
ENSG00000274173.1,0.015134637
ENSG00000168077.14,0.015132457
ENSG00000127585.12,0.015124933
ENSG00000151692.15,0.015121235
ENSG00000078725.13,0.015112622
ENSG00000164976.9,0.015112207
ENSG00000118432.12,0.015092019
ENSG00000166428.14,0.015091587
ENSG00000104951.16,0.0150771225
ENSG00000158186.13,0.015076333
ENSG00000064042.18,0.015069614
ENSG00000169738.8,0.0150660565
ENSG00000152766.6,0.01506265
ENSG00000211625.2,0.015057652
ENSG00000182983.15,0.015008559
ENSG00000197142.10,0.0150067145
ENSG00000171208.10,0.015003553
ENSG00000164129.12,0.015001641
ENSG00000109854.14,0.014999566
ENSG00000146072.6,0.014996733
ENSG00000286619.1,0.014975748
ENSG00000187840.5,0.014973772
ENSG00000167775.11,0.014968308
ENSG00000168679.18,0.014956241
ENSG00000152931.9,0.014955785
ENSG00000170745.12,0.014952607
ENSG00000168913.7,0.014949465
ENSG00000245910.8,0.0149409
ENSG00000162591.16,0.01493597
ENSG00000104447.13,0.014905783
ENSG00000136944.19,0.014901921
ENSG00000211892.4,0.014889111
ENSG00000162639.16,0.014883991
ENSG00000119147.10,0.014872465
ENSG00000211898.7,0.014871172
ENSG00000154928.18,0.014846555
ENSG00000151376.17,0.014841378
ENSG00000204839.9,0.0148413265
ENSG00000109586.12,0.014824597
ENSG00000176058.13,0.014822176
ENSG00000152402.11,0.014821526
ENSG00000211639.2,0.014818828
ENSG00000129682.16,0.014807024
ENSG00000170369.4,0.014803656
ENSG00000115380.20,0.014789384
ENSG00000197822.11,0.014776883
ENSG00000136068.15,0.01475526
ENSG00000134352.20,0.014750504
ENSG00000272068.1,0.014740541
ENSG00000120149.9,0.014721325
ENSG00000170412.18,0.014713472
ENSG00000112096.19,0.01468008
ENSG00000172638.13,0.014679516
ENSG00000168301.13,0.014667253
ENSG00000154655.16,0.014658926
ENSG00000072840.13,0.0146573875
ENSG00000272620.2,0.014654765
ENSG00000142273.13,0.014653945
ENSG00000189057.11,0.014652877
ENSG00000135074.16,0.014650955
ENSG00000131620.17,0.014631454
ENSG00000101104.13,0.014616156
ENSG00000226278.1,0.014610162
ENSG00000011201.12,0.014602408
ENSG00000132359.15,0.014600182
ENSG00000188338.15,0.014585078
ENSG00000248538.8,0.0145820845
ENSG00000069188.17,0.014581046
ENSG00000167513.9,0.014563902
ENSG00000132746.15,0.014558536
ENSG00000108679.13,0.014554655
ENSG00000160867.15,0.014549798
ENSG00000137491.15,0.014544955
ENSG00000151789.12,0.014521155
ENSG00000099849.15,0.014509983
ENSG00000185862.7,0.0145073775
ENSG00000099994.11,0.014507118
ENSG00000149257.16,0.014504094
ENSG00000111885.7,0.0145022115
ENSG00000184384.14,0.014502035
ENSG00000126709.15,0.014501001
ENSG00000187134.14,0.014495384
ENSG00000255026.1,0.014491188
ENSG00000167676.4,0.014475015
ENSG00000078098.14,0.014469802
ENSG00000149218.5,0.014468857
ENSG00000041982.16,0.014463844
ENSG00000006047.13,0.014459556
ENSG00000157150.5,0.014454644
ENSG00000102096.9,0.014448815
ENSG00000123453.18,0.014445657
ENSG00000206075.14,0.014445277
ENSG00000164754.15,0.014441977
ENSG00000110848.8,0.014440079
ENSG00000130475.14,0.014433865
ENSG00000218416.4,0.014415457
ENSG00000102287.19,0.014413608
ENSG00000109738.11,0.014410597
ENSG00000274020.4,0.0144104315
ENSG00000157404.16,0.0143925585
ENSG00000263639.7,0.014378696
ENSG00000179913.11,0.014375816
ENSG00000198947.16,0.014374389
ENSG00000011028.14,0.014357677
ENSG00000162738.6,0.014328419
ENSG00000283633.1,0.01432146
ENSG00000134759.14,0.014311864
ENSG00000170571.12,0.014307522
ENSG00000105655.19,0.014300534
ENSG00000050628.20,0.014289047
ENSG00000131037.15,0.014276355
ENSG00000166123.14,0.014253038
ENSG00000147684.10,0.014246582
ENSG00000183049.13,0.014238171
ENSG00000127249.15,0.014228311
ENSG00000164023.14,0.014228158
ENSG00000112183.15,0.014215158
ENSG00000101144.13,0.014189146
ENSG00000114450.11,0.014188822
ENSG00000105472.13,0.0141855795
ENSG00000090382.7,0.014169053
ENSG00000179542.16,0.014156254
ENSG00000141424.13,0.014155053
ENSG00000074410.14,0.0141519
ENSG00000196517.13,0.014144657
ENSG00000117152.14,0.014135635
ENSG00000186832.9,0.014134065
ENSG00000188257.12,0.014120896
ENSG00000154917.11,0.014118073
ENSG00000006831.10,0.014114799
ENSG00000169184.6,0.014114477
ENSG00000164649.20,0.014113102
ENSG00000204179.10,0.014110402
ENSG00000117472.10,0.0141032
ENSG00000156675.16,0.014102515
ENSG00000169710.9,0.0141003085
ENSG00000158457.6,0.014098681
ENSG00000142910.16,0.014093399
ENSG00000157613.11,0.014089791
ENSG00000158856.18,0.014075073
ENSG00000131759.18,0.014068355
ENSG00000164124.11,0.014061009
ENSG00000230076.1,0.014044908
ENSG00000204950.4,0.014042614
ENSG00000135744.8,0.014041889
ENSG00000039139.9,0.01403927
ENSG00000171604.12,0.014030499
ENSG00000142871.18,0.014025256
ENSG00000160949.17,0.014014493
ENSG00000057294.15,0.014008028
ENSG00000176920.13,0.013981451
ENSG00000181218.5,0.013979508
ENSG00000158258.16,0.013974907
ENSG00000223865.11,0.013966917
ENSG00000178685.14,0.01396499
ENSG00000204789.4,0.0139530115
ENSG00000143147.14,0.013951765
ENSG00000198794.12,0.013914995
ENSG00000196754.13,0.013910665
ENSG00000091651.9,0.013906795
ENSG00000101445.10,0.013898052
ENSG00000180644.8,0.013879962
ENSG00000005379.17,0.01386654
ENSG00000167653.5,0.013857474
ENSG00000112852.7,0.013849054
ENSG00000100321.15,0.013824104
ENSG00000135127.11,0.013823767
ENSG00000092758.18,0.013814481
ENSG00000168994.14,0.0138089545
ENSG00000104361.10,0.0137798125
ENSG00000132688.11,0.013778976
ENSG00000196739.15,0.013771832
ENSG00000164741.15,0.013771205
ENSG00000115290.10,0.013766818
ENSG00000183888.4,0.013761237
ENSG00000105523.3,0.013738117
ENSG00000188747.8,0.013732065
ENSG00000197971.16,0.013716727
ENSG00000244734.4,0.013716585
ENSG00000114654.7,0.013702006
ENSG00000142973.14,0.013698388
ENSG00000198185.11,0.013698064
ENSG00000123364.5,0.013697775
ENSG00000150873.12,0.013693124
ENSG00000132639.13,0.013672579
ENSG00000232815.1,0.013666906
ENSG00000135046.14,0.013652785
ENSG00000184408.10,0.013648583
ENSG00000184867.14,0.01364079
ENSG00000183010.17,0.013634387
ENSG00000011600.12,0.013630953
ENSG00000153944.12,0.013626733
ENSG00000091039.17,0.013621309
ENSG00000231106.2,0.013611208
ENSG00000167755.15,0.013606755
ENSG00000188613.7,0.01360506
ENSG00000204252.14,0.013597099
ENSG00000162543.6,0.013592906
ENSG00000147454.14,0.013576259
ENSG00000182578.14,0.013576245
ENSG00000173110.8,0.013572471
ENSG00000138764.15,0.01356923
ENSG00000144681.10,0.013560149
ENSG00000143375.15,0.013559281
ENSG00000225138.8,0.013554409
ENSG00000128422.17,0.013525803
ENSG00000009765.15,0.013517911
ENSG00000148346.12,0.013503982
ENSG00000122862.5,0.013497707
ENSG00000174607.11,0.013497621
ENSG00000188322.8,0.013495525
ENSG00000204936.10,0.013492157
ENSG00000141736.14,0.013474071
ENSG00000155367.15,0.013469223
ENSG00000259495.3,0.013458375
ENSG00000167680.17,0.013457917
ENSG00000104332.12,0.013452895
ENSG00000158747.15,0.013438598
ENSG00000185215.11,0.01342872
ENSG00000133063.16,0.0134210745
ENSG00000083168.11,0.013418348
ENSG00000188549.12,0.013412212
ENSG00000105374.10,0.013408041
ENSG00000168461.13,0.013392871
ENSG00000077063.11,0.01338554
ENSG00000094755.17,0.013377941
ENSG00000087510.7,0.013375103
ENSG00000154358.22,0.0133708045
ENSG00000148344.11,0.013359723
ENSG00000188910.8,0.013359671
ENSG00000101335.10,0.013357537
ENSG00000183914.14,0.01335002
ENSG00000170017.12,0.01334122
ENSG00000130208.9,0.013336982
ENSG00000204257.15,0.013333887
ENSG00000004799.8,0.013329208
ENSG00000113742.14,0.0133241145
ENSG00000156049.7,0.013322637
ENSG00000158528.12,0.013293478
ENSG00000260711.2,0.013289897
ENSG00000101493.11,0.013248805
ENSG00000184564.11,0.0132332435
ENSG00000204338.8,0.013218568
ENSG00000148700.15,0.01321483
ENSG00000149090.12,0.013210692
ENSG00000160972.9,0.013194667
ENSG00000106772.18,0.013193986
ENSG00000163864.17,0.013191425
ENSG00000167080.9,0.013189828
ENSG00000105388.16,0.013174276
ENSG00000196132.14,0.013173282
ENSG00000100918.13,0.013166755
ENSG00000196616.14,0.01315918
ENSG00000120875.9,0.0131401215
ENSG00000196205.8,0.013137469
ENSG00000085831.15,0.013132586
ENSG00000129757.14,0.013127266
ENSG00000163435.16,0.013117436
ENSG00000102908.22,0.013116364
ENSG00000188486.3,0.013107364
ENSG00000198948.12,0.013106224
ENSG00000072133.11,0.013100795
ENSG00000187391.22,0.013099637
ENSG00000167614.14,0.013097603
ENSG00000203688.6,0.0130940555
ENSG00000149527.18,0.013091714
ENSG00000114631.11,0.013090383
ENSG00000152518.8,0.013088938
ENSG00000080854.16,0.013084246
ENSG00000019505.8,0.0130756805
ENSG00000167757.14,0.01307409
ENSG00000239951.1,0.013044519
ENSG00000006016.11,0.01302543
ENSG00000174672.16,0.0130198505
ENSG00000163491.16,0.013013223
ENSG00000137968.16,0.013009683
ENSG00000133083.15,0.013004259
ENSG00000171345.13,0.013003548
ENSG00000230798.5,0.012995611
ENSG00000131711.15,0.012994453
ENSG00000171812.13,0.0129881995
ENSG00000143013.13,0.012983075
ENSG00000135916.16,0.012980698
ENSG00000112902.12,0.012977189
ENSG00000135912.11,0.012974308
ENSG00000124249.7,0.012971306
ENSG00000163017.14,0.012958332
ENSG00000115641.19,0.012955177
ENSG00000170421.12,0.012953993
ENSG00000049130.16,0.0129526425
ENSG00000214128.11,0.012940334
ENSG00000102802.10,0.012933828
ENSG00000150556.17,0.012930124
ENSG00000115414.21,0.012911851
ENSG00000137265.15,0.012906824
ENSG00000179627.10,0.01290638
ENSG00000141682.12,0.012892057
ENSG00000065320.9,0.0128857745
ENSG00000170899.11,0.012883951
ENSG00000122971.9,0.012873141
ENSG00000218336.9,0.012871166
ENSG00000179455.10,0.012868087
ENSG00000108176.15,0.012848614
ENSG00000139734.19,0.012818645
ENSG00000168539.4,0.012811132
ENSG00000008838.20,0.012805923
ENSG00000103056.12,0.012800003
ENSG00000019549.13,0.012795937
ENSG00000157368.11,0.012789117
ENSG00000110436.13,0.012784168
ENSG00000164078.13,0.012783639
ENSG00000129596.5,0.01277802
ENSG00000092068.20,0.01277797
ENSG00000006071.15,0.012775118
ENSG00000198788.9,0.012767658
ENSG00000186470.14,0.012764564
ENSG00000126010.6,0.012749773
ENSG00000102854.16,0.012748877
ENSG00000185803.12,0.01274089
ENSG00000148948.8,0.0127206445
ENSG00000109339.24,0.012715693
ENSG00000119922.10,0.012715024
ENSG00000196878.15,0.012712955
ENSG00000104313.20,0.012701613
ENSG00000113721.14,0.0126906745
ENSG00000156299.13,0.012689482
ENSG00000088882.8,0.012686936
ENSG00000074219.14,0.012667865
ENSG00000025039.15,0.012666327
ENSG00000185133.14,0.012659758
ENSG00000111319.13,0.01265486
ENSG00000196549.12,0.01265467
ENSG00000163235.16,0.012650113
ENSG00000196126.11,0.012642389
ENSG00000109654.16,0.012630531
ENSG00000186910.4,0.012618403
ENSG00000211660.3,0.012617732
ENSG00000081985.13,0.012614783
ENSG00000247627.2,0.012606648
ENSG00000136883.14,0.012596963
ENSG00000065618.21,0.012593305
ENSG00000112294.14,0.012583416
ENSG00000258910.3,0.012582167
ENSG00000273604.2,0.012572946
ENSG00000103489.12,0.012567904
ENSG00000169550.14,0.01255346
ENSG00000174343.6,0.012540581
ENSG00000167244.21,0.012537979
ENSG00000179023.8,0.01253775
ENSG00000166923.12,0.012536489
ENSG00000162688.17,0.012532167
ENSG00000172889.16,0.012529369
ENSG00000053108.17,0.012528082
ENSG00000119866.22,0.012520771
ENSG00000162989.5,0.012518603
ENSG00000164687.11,0.012504222
ENSG00000187634.12,0.012499113
ENSG00000130054.5,0.012494701
ENSG00000119681.12,0.012480488
ENSG00000013588.9,0.012479766
ENSG00000137331.12,0.012474683
ENSG00000228253.1,0.012474159
ENSG00000113368.12,0.012473632
ENSG00000211947.2,0.012472775
ENSG00000157734.14,0.0124627575
ENSG00000178568.15,0.012456694
ENSG00000115596.4,0.01245405
ENSG00000088002.12,0.012451542
ENSG00000215915.10,0.012450399
ENSG00000130612.16,0.0124472715
ENSG00000204131.9,0.012446414
ENSG00000100505.13,0.012436444
ENSG00000172031.7,0.01243612
ENSG00000081277.13,0.012415857
ENSG00000178445.10,0.0124150235
ENSG00000134757.5,0.012409541
ENSG00000151365.2,0.012405608
ENSG00000055118.16,0.012396056
ENSG00000184809.13,0.0123893265
ENSG00000141639.12,0.012385491
ENSG00000188175.10,0.012377973
ENSG00000115221.12,0.012374013
ENSG00000127083.7,0.012360346
ENSG00000134324.12,0.012354321
ENSG00000221867.9,0.01234676
ENSG00000105640.13,0.012346166
ENSG00000131171.13,0.012346072
ENSG00000107551.21,0.01233756
ENSG00000204644.10,0.0123331
ENSG00000153002.12,0.012332663
ENSG00000115457.10,0.012329694
ENSG00000084444.14,0.012326333
ENSG00000179431.7,0.012319
ENSG00000141854.9,0.012316693
ENSG00000054219.11,0.012314839
ENSG00000185950.9,0.012309062
ENSG00000012223.13,0.01230612
ENSG00000184860.10,0.012299364
ENSG00000154645.14,0.012297392
ENSG00000137573.14,0.012290099
ENSG00000167183.3,0.012288709
ENSG00000123500.10,0.0122881215
ENSG00000175426.11,0.012282892
ENSG00000168268.11,0.012280804
ENSG00000155066.16,0.012280155
ENSG00000163431.13,0.012279346
ENSG00000141655.17,0.01227735
ENSG00000143776.18,0.0122719435
ENSG00000170485.17,0.0122711435
ENSG00000074370.18,0.012249641
ENSG00000154678.18,0.012247099
ENSG00000178372.8,0.012239726
ENSG00000095321.17,0.012218961
ENSG00000139926.16,0.012217152
ENSG00000177600.9,0.012194862
ENSG00000160781.17,0.012194621
ENSG00000107984.10,0.012183388
ENSG00000124664.11,0.012167559
ENSG00000205189.12,0.012166273
ENSG00000164120.14,0.012164854
ENSG00000240521.1,0.012148897
ENSG00000112378.12,0.012139107
ENSG00000144218.19,0.012127133
ENSG00000285094.1,0.012124035
ENSG00000106025.9,0.012116576
ENSG00000111331.13,0.012114926
ENSG00000155926.14,0.012113058
ENSG00000129009.13,0.012112488
ENSG00000160791.13,0.012111251
ENSG00000168754.15,0.012104453
ENSG00000151882.11,0.01209912
ENSG00000126803.9,0.012098022
ENSG00000167232.14,0.01209469
ENSG00000134201.12,0.01209188
ENSG00000168993.15,0.012089022
ENSG00000164825.4,0.012088636
ENSG00000153132.13,0.012088575
ENSG00000101443.18,0.012087803
ENSG00000110077.14,0.012087699
ENSG00000132681.17,0.012087595
ENSG00000010610.10,0.012077423
ENSG00000152642.11,0.012072683
ENSG00000158859.10,0.012058823
ENSG00000128016.7,0.012057126
ENSG00000085117.12,0.012055949
ENSG00000056487.16,0.012054539
ENSG00000130303.13,0.012052771
ENSG00000106511.6,0.012037054
ENSG00000052850.8,0.012036288
ENSG00000000971.16,0.01203334
ENSG00000133019.12,0.012013385
ENSG00000106366.9,0.0120100295
ENSG00000172061.9,0.01199851
ENSG00000188313.13,0.011988192
ENSG00000165215.6,0.011967222
ENSG00000146648.19,0.011960973
ENSG00000077522.14,0.011960005
ENSG00000237423.3,0.011941381
ENSG00000154274.15,0.011930898
ENSG00000273576.1,0.011930469
ENSG00000110799.14,0.011929174
ENSG00000174697.5,0.011924305
ENSG00000172724.12,0.011915463
ENSG00000133067.17,0.011902781
ENSG00000198624.13,0.011893671
ENSG00000157193.18,0.011890082
ENSG00000137309.20,0.011885782
ENSG00000244731.8,0.011881001
ENSG00000164070.12,0.011878304
ENSG00000156113.24,0.011873072
ENSG00000067715.14,0.011871503
ENSG00000173621.9,0.011868899
ENSG00000165025.15,0.0118647115
ENSG00000046604.13,0.011863203
ENSG00000125740.14,0.0118597625
ENSG00000239672.8,0.0118584195
ENSG00000081479.15,0.011849663
ENSG00000134369.15,0.0118264565
ENSG00000167741.11,0.011820766
ENSG00000112175.8,0.011819922
ENSG00000124406.16,0.011818545
ENSG00000106538.10,0.011814698
ENSG00000204792.2,0.011814128
ENSG00000117215.15,0.011808838
ENSG00000150627.16,0.011807329
ENSG00000143127.13,0.011807108
ENSG00000162949.16,0.011794109
ENSG00000260318.1,0.0117844045
ENSG00000132530.17,0.011783447
ENSG00000175175.6,0.01177802
ENSG00000184349.13,0.01176743
ENSG00000157064.11,0.011754972
ENSG00000127663.15,0.011749587
ENSG00000154783.12,0.011743909
ENSG00000243064.8,0.0117428135
ENSG00000143196.5,0.011731998
ENSG00000140285.12,0.011725452
ENSG00000211970.3,0.011723274
ENSG00000149596.7,0.011723047
ENSG00000124102.5,0.011719771
ENSG00000184292.7,0.01171958
ENSG00000164574.16,0.011719327
ENSG00000251562.8,0.011709194
ENSG00000120251.21,0.011702528
ENSG00000160191.18,0.011701953
ENSG00000277734.8,0.011690809
ENSG00000005884.18,0.011686461
ENSG00000172927.8,0.011678552
ENSG00000136040.9,0.011674813
ENSG00000163710.9,0.011673976
ENSG00000068489.13,0.01167027
ENSG00000228314.1,0.011652552
ENSG00000151617.17,0.011652319
ENSG00000205420.11,0.01164206
ENSG00000134533.6,0.011641816
ENSG00000164176.13,0.011640176
ENSG00000154096.14,0.011626759
ENSG00000115468.12,0.011620122
ENSG00000186377.8,0.011606626
ENSG00000129451.12,0.011604523
ENSG00000145832.14,0.011601442
ENSG00000182195.9,0.011596127
ENSG00000228221.6,0.01159283
ENSG00000163131.11,0.011589549
ENSG00000144802.11,0.011586442
ENSG00000100181.22,0.011576677
ENSG00000007933.13,0.011567066
ENSG00000168334.9,0.011556721
ENSG00000282639.1,0.011552688
ENSG00000184156.17,0.011548591
ENSG00000144355.15,0.011548305
ENSG00000100453.13,0.011534252
ENSG00000149599.15,0.011533564
ENSG00000211751.9,0.011528252
ENSG00000168350.8,0.011524068
ENSG00000125257.16,0.011522805
ENSG00000211611.2,0.011513192
ENSG00000122694.16,0.011508044
ENSG00000182379.10,0.011505449
ENSG00000196684.12,0.011497096
ENSG00000099812.9,0.011489954
ENSG00000120833.14,0.011474029
ENSG00000100219.16,0.011473949
ENSG00000106571.15,0.011468268
ENSG00000173546.7,0.011456909
ENSG00000184661.14,0.011451683
ENSG00000163898.10,0.011447656
ENSG00000185559.16,0.011435225
ENSG00000170522.10,0.011434454
ENSG00000131668.14,0.011429026
ENSG00000066248.15,0.011425684
ENSG00000123407.4,0.01142209
ENSG00000006282.21,0.011421112
ENSG00000147862.17,0.011419981
ENSG00000164855.16,0.011415529
ENSG00000034053.14,0.011410245
ENSG00000164237.9,0.011407877
ENSG00000164220.7,0.011397572
ENSG00000198944.6,0.011396196
ENSG00000135374.11,0.011393039
ENSG00000130045.16,0.011387076
ENSG00000117069.15,0.01138207
ENSG00000181092.10,0.01137675
ENSG00000137843.12,0.011374287
ENSG00000211459.2,0.011366087
ENSG00000152583.12,0.011360764
ENSG00000073464.13,0.01136049
ENSG00000248527.1,0.011356487
ENSG00000165548.11,0.011349111
ENSG00000100344.11,0.011347473
ENSG00000100625.9,0.011344277
ENSG00000106333.13,0.011337369
ENSG00000100033.16,0.011323803
ENSG00000144354.14,0.011322692
ENSG00000227036.8,0.011322198
ENSG00000276043.5,0.011321055
ENSG00000177455.15,0.011316164
ENSG00000136546.16,0.011314497
ENSG00000044524.11,0.011312181
ENSG00000255571.9,0.011310522
ENSG00000099998.18,0.01130779
ENSG00000109846.9,0.011305648
ENSG00000179869.15,0.011304569
ENSG00000170835.16,0.011301509
ENSG00000110719.10,0.011300974
ENSG00000131153.9,0.011292639
ENSG00000130433.7,0.011292307
ENSG00000173890.17,0.0112869255
ENSG00000139219.19,0.01128428
ENSG00000234741.8,0.011282498
ENSG00000177508.12,0.011276648
ENSG00000175985.10,0.01126606
ENSG00000156127.8,0.011265604
ENSG00000111057.11,0.01125849
ENSG00000174175.17,0.01125753
ENSG00000110090.13,0.011255665
ENSG00000102547.19,0.011255513
ENSG00000211965.4,0.011249353
ENSG00000084207.18,0.011247069
ENSG00000160886.13,0.011242036
ENSG00000167608.12,0.011240887
ENSG00000166396.13,0.0112403855
ENSG00000162104.10,0.011238119
ENSG00000012171.20,0.01123463
ENSG00000229544.9,0.011233104
ENSG00000262655.4,0.011232082
ENSG00000164035.10,0.011227491
ENSG00000104237.11,0.011217272
ENSG00000136689.19,0.011217226
ENSG00000242574.9,0.011207861
ENSG00000123975.5,0.011202447
ENSG00000260260.1,0.011197339
ENSG00000184500.16,0.011195281
ENSG00000131748.16,0.011194527
ENSG00000137033.11,0.011193426
ENSG00000203952.9,0.011187851
ENSG00000100300.18,0.011186211
ENSG00000169855.20,0.011179659
ENSG00000258227.7,0.011177762
ENSG00000148175.13,0.011175313
ENSG00000185904.12,0.011172004
ENSG00000167157.11,0.011170079
ENSG00000049283.18,0.011167292
ENSG00000128606.13,0.011159204
ENSG00000118257.17,0.011156483
ENSG00000064763.11,0.011152244
ENSG00000147548.17,0.011149559
ENSG00000108107.15,0.011145409
ENSG00000114805.18,0.011132026
ENSG00000143815.15,0.0111251585
ENSG00000170099.6,0.011120052
ENSG00000166741.8,0.011118432
ENSG00000170989.10,0.011115022
ENSG00000162004.18,0.011105683
ENSG00000153956.16,0.011094633
ENSG00000152076.19,0.011085322
ENSG00000130222.11,0.011082479
ENSG00000143494.15,0.011073971
ENSG00000211659.2,0.011073934
ENSG00000113389.16,0.011072563
ENSG00000138772.13,0.011068356
ENSG00000138356.14,0.011064297
ENSG00000009709.12,0.011057009
ENSG00000176490.5,0.011052349
ENSG00000184347.15,0.011040872
ENSG00000159200.18,0.011038888
ENSG00000043355.12,0.011038008
ENSG00000072210.19,0.011028881
ENSG00000130821.17,0.01102819
ENSG00000143878.10,0.011026572
ENSG00000264230.9,0.011022563
ENSG00000124126.14,0.0110052265
ENSG00000181788.4,0.0110039115
ENSG00000144868.14,0.010996191
ENSG00000147813.16,0.01099575
ENSG00000182795.13,0.010987243
ENSG00000108298.12,0.01098069
ENSG00000111052.7,0.0109800305
ENSG00000221869.5,0.01097824
ENSG00000164292.13,0.010977832
ENSG00000197172.10,0.010977183
ENSG00000001561.7,0.010969621
ENSG00000141753.7,0.010969432
ENSG00000177465.4,0.010966981
ENSG00000105877.18,0.010966835
ENSG00000100095.19,0.010953655
ENSG00000168071.22,0.010942618
ENSG00000066336.12,0.010941286
ENSG00000163629.13,0.010939951
ENSG00000105989.10,0.010930578
ENSG00000167900.12,0.010930402
ENSG00000140545.15,0.010928473
ENSG00000165140.11,0.010927658
ENSG00000205413.8,0.010919581
ENSG00000250786.2,0.010918478
ENSG00000166341.8,0.010914991
ENSG00000100852.13,0.010904624
ENSG00000184828.10,0.010904183
ENSG00000211964.3,0.0109031545
ENSG00000101298.15,0.010887376
ENSG00000104368.19,0.010886775
ENSG00000148053.17,0.0108863935
ENSG00000250479.9,0.01088429
ENSG00000006468.14,0.010878673
ENSG00000141668.10,0.010871397
ENSG00000169604.20,0.010866054
ENSG00000105290.13,0.01086431
ENSG00000133135.14,0.010853279
ENSG00000108244.17,0.010850098
ENSG00000240184.7,0.01084941
ENSG00000156076.10,0.010847235
ENSG00000131941.8,0.010847187
ENSG00000170579.17,0.010839707
ENSG00000225630.1,0.010833449
ENSG00000248360.7,0.01082474
ENSG00000187720.14,0.010813337
ENSG00000137449.17,0.010811651
ENSG00000145703.16,0.010810092
ENSG00000102878.17,0.010804997
ENSG00000150625.16,0.010803438
ENSG00000155511.18,0.010802498
ENSG00000100097.12,0.010800365
ENSG00000105559.12,0.010799115
ENSG00000230006.7,0.010797544
ENSG00000173372.17,0.010795552
ENSG00000087077.14,0.01079154
ENSG00000172057.10,0.010788392
ENSG00000170312.16,0.010786804
ENSG00000164694.17,0.010779238
ENSG00000108021.20,0.010777608
ENSG00000196091.15,0.010772421
ENSG00000180891.13,0.010772324
ENSG00000173210.20,0.010770863
ENSG00000100342.21,0.010767375
ENSG00000184731.6,0.010764238
ENSG00000106809.11,0.010762296
ENSG00000151726.15,0.010753376
ENSG00000169435.14,0.010752604
ENSG00000128268.12,0.010740778
ENSG00000158164.7,0.010740704
ENSG00000049449.10,0.010736936
ENSG00000189159.16,0.010730677
ENSG00000142552.8,0.010727712
ENSG00000104419.17,0.010721478
ENSG00000174807.4,0.0107170325
ENSG00000154856.13,0.010715879
ENSG00000013297.12,0.010708038
ENSG00000162409.11,0.0107075935
ENSG00000020633.19,0.010705285
ENSG00000143401.15,0.0106933145
ENSG00000168785.8,0.010690527
ENSG00000021645.20,0.010683777
ENSG00000124466.9,0.010677888
ENSG00000196092.14,0.010673267
ENSG00000106819.13,0.010663036
ENSG00000129167.9,0.0106597375
ENSG00000154478.4,0.01065867
ENSG00000091947.10,0.010658604
ENSG00000237807.4,0.010657178
ENSG00000160255.18,0.010649837
ENSG00000211642.3,0.010644036
ENSG00000171004.18,0.010635724
ENSG00000137936.18,0.01063549
ENSG00000134240.12,0.010631358
ENSG00000148468.17,0.01062834
ENSG00000196154.12,0.010626761
ENSG00000129514.8,0.010624715
ENSG00000166710.21,0.010608201
ENSG00000055732.13,0.010607795
ENSG00000178695.6,0.010606241
ENSG00000131401.11,0.0106039
ENSG00000231367.6,0.010600374
ENSG00000171316.12,0.010598141
ENSG00000177614.11,0.010587479
ENSG00000018625.15,0.010580172
ENSG00000068078.20,0.010566561
ENSG00000152377.14,0.010560159
ENSG00000184226.15,0.010559499
ENSG00000167107.13,0.010535767
ENSG00000204525.17,0.010533456
ENSG00000168961.17,0.010515002
ENSG00000138759.19,0.010513213
ENSG00000149554.13,0.010509338
ENSG00000075223.14,0.010506995
ENSG00000176971.4,0.010503299
ENSG00000177409.12,0.010496204
ENSG00000101003.10,0.01049449
ENSG00000118503.15,0.010491745
ENSG00000188505.5,0.010488515
ENSG00000188783.6,0.01048477
ENSG00000203760.9,0.0104840435
ENSG00000143416.21,0.010478754
ENSG00000130720.13,0.010467855
ENSG00000122870.12,0.010465885
ENSG00000109805.10,0.010457009
ENSG00000113296.14,0.01045436
ENSG00000108375.13,0.0104487855
ENSG00000151718.16,0.0104476595
ENSG00000117983.17,0.010444833
ENSG00000176406.23,0.010443978
ENSG00000077984.6,0.010438643
ENSG00000116985.12,0.010422928
ENSG00000141401.12,0.010417893
ENSG00000143867.7,0.0104127135
ENSG00000026508.20,0.010410762
ENSG00000167749.11,0.010394154
ENSG00000169896.18,0.010388776
ENSG00000198146.4,0.010384381
ENSG00000272335.1,0.010383658
ENSG00000123146.20,0.010377471
ENSG00000105835.12,0.010375742
ENSG00000154229.12,0.010375637
ENSG00000105880.7,0.0103718545
ENSG00000177606.8,0.010371385
ENSG00000156463.18,0.010364146
ENSG00000170549.4,0.010357202
ENSG00000272405.1,0.010350031
ENSG00000131203.13,0.010349727
ENSG00000259439.2,0.0103491675
ENSG00000136002.20,0.010346353
ENSG00000060718.22,0.01034361
ENSG00000121101.16,0.010341248
ENSG00000177989.13,0.010338916
ENSG00000162931.12,0.01033814
ENSG00000177706.9,0.010334536
ENSG00000005513.10,0.010331898
ENSG00000175592.9,0.010320789
ENSG00000127990.19,0.010317355
ENSG00000163517.15,0.010311748
ENSG00000070190.13,0.010309763
ENSG00000110042.8,0.010297911
ENSG00000149243.16,0.010297827
ENSG00000163064.7,0.010290793
ENSG00000156398.13,0.010288196
ENSG00000102554.14,0.010286529
ENSG00000124006.15,0.0102860825
ENSG00000101417.12,0.0102816
ENSG00000118495.20,0.010279522
ENSG00000196735.13,0.010278629
ENSG00000249669.10,0.010275942
ENSG00000096433.11,0.010272688
ENSG00000175315.3,0.010262288
ENSG00000115163.15,0.010260283
ENSG00000003989.18,0.010259985
ENSG00000121742.19,0.010259227
ENSG00000087494.16,0.010255735
ENSG00000228639.8,0.010253893
ENSG00000164114.19,0.010252367
ENSG00000145349.17,0.010249699
ENSG00000054179.12,0.010246156
ENSG00000204019.5,0.01023521
ENSG00000146038.12,0.010225433
ENSG00000196507.11,0.0102242045
ENSG00000129993.15,0.010224182
ENSG00000179066.8,0.010218966
ENSG00000105088.8,0.010208909
ENSG00000064886.14,0.010207213
ENSG00000204421.3,0.010207155
ENSG00000148516.22,0.010205834
ENSG00000116260.17,0.010197519
ENSG00000231475.3,0.010193962
ENSG00000167034.10,0.010180614
ENSG00000150593.18,0.010180411
ENSG00000172817.4,0.010178278
ENSG00000138755.6,0.010173983
ENSG00000008517.18,0.010172298
ENSG00000129116.19,0.010169704
ENSG00000072274.13,0.010167412
ENSG00000092929.12,0.010166844
ENSG00000211599.2,0.010166522
ENSG00000117020.18,0.010153835
ENSG00000144476.6,0.01015275
ENSG00000169851.15,0.010151258
ENSG00000164932.13,0.010148907
ENSG00000003249.15,0.010145314
ENSG00000110002.16,0.010141465
ENSG00000187957.8,0.010135068
ENSG00000112685.14,0.010127196
ENSG00000115257.15,0.010126164
ENSG00000002726.21,0.010123712
ENSG00000097096.9,0.010123014
ENSG00000143882.12,0.0101181585
ENSG00000151790.9,0.010115824
ENSG00000069011.16,0.010109212
ENSG00000255690.3,0.0100804325
ENSG00000171444.18,0.010078058
ENSG00000065361.16,0.010077835
ENSG00000005001.10,0.010071584
ENSG00000119900.9,0.010060465
ENSG00000137801.11,0.010060391
ENSG00000008441.18,0.010037075
ENSG00000142798.20,0.010032617
ENSG00000101846.8,0.010027285
ENSG00000103569.10,0.010027041
ENSG00000116824.5,0.010026208
ENSG00000151150.22,0.01001866
ENSG00000178935.5,0.010016805
ENSG00000166851.15,0.010010959
ENSG00000090013.11,0.010007024
ENSG00000121005.9,0.009996957
ENSG00000130005.13,0.009988452
ENSG00000167508.12,0.009965396
ENSG00000186081.12,0.009965382
ENSG00000173404.5,0.009963575
ENSG00000138795.10,0.009958516
ENSG00000183742.13,0.009957065
ENSG00000166743.9,0.009955764
ENSG00000124212.6,0.009954585
ENSG00000152952.12,0.0099498145
ENSG00000135913.11,0.009942167
ENSG00000011426.11,0.009935841
ENSG00000227097.5,0.009930306
ENSG00000162552.15,0.009929202
ENSG00000171867.17,0.0099231675
ENSG00000198744.5,0.009921053
ENSG00000182568.17,0.009921022
ENSG00000131746.13,0.009909562
ENSG00000106066.15,0.009906343
ENSG00000132164.10,0.009906072
ENSG00000158270.12,0.0099044405
ENSG00000188959.9,0.009901273
ENSG00000187210.14,0.009885168
ENSG00000196932.12,0.009882542
ENSG00000170153.11,0.00988131
ENSG00000111913.20,0.009878435
ENSG00000198648.11,0.0098624
ENSG00000134755.17,0.009860997
ENSG00000141232.5,0.00986077
ENSG00000147234.10,0.009858553
ENSG00000158477.7,0.009847464
ENSG00000099337.5,0.009843809
ENSG00000170323.9,0.009843462
ENSG00000132975.8,0.009839645
ENSG00000106823.12,0.009838596
ENSG00000147065.17,0.009835641
ENSG00000163191.6,0.009833641
ENSG00000054938.16,0.009821002
ENSG00000100167.20,0.009811742
ENSG00000165269.13,0.009805725
ENSG00000153993.13,0.009798211
ENSG00000152558.15,0.009795403
ENSG00000179344.16,0.009793378
ENSG00000137507.11,0.009784884
ENSG00000109265.14,0.009783818
ENSG00000171241.9,0.009782767
ENSG00000115758.13,0.009776928
ENSG00000115339.14,0.009774492
ENSG00000170801.10,0.009772788
ENSG00000155380.12,0.009764495
ENSG00000111666.11,0.00976379
ENSG00000156802.13,0.009760386
ENSG00000170500.13,0.009759771
ENSG00000213088.12,0.0097597055
ENSG00000156219.17,0.009756969
ENSG00000155659.15,0.009754326
ENSG00000211685.3,0.0097505385
ENSG00000130558.20,0.00974287
ENSG00000110876.10,0.00974063
ENSG00000274576.2,0.00974005
ENSG00000204592.9,0.009737135
ENSG00000159388.6,0.009737126
ENSG00000184730.11,0.009733015
ENSG00000005243.10,0.009732467
ENSG00000167771.6,0.00972891
ENSG00000204832.10,0.00972779
ENSG00000105707.14,0.009727385
ENSG00000149328.15,0.009726042
ENSG00000133392.18,0.00972554
ENSG00000204175.5,0.009725128
ENSG00000164949.8,0.00972335
ENSG00000182492.16,0.009722199
ENSG00000156735.11,0.009721822
ENSG00000182463.16,0.009719877
ENSG00000106537.8,0.009718344
ENSG00000124935.4,0.009714322
ENSG00000185745.10,0.009713213
ENSG00000137193.14,0.009712042
ENSG00000159189.12,0.009710713
ENSG00000261175.6,0.009703916
ENSG00000101213.7,0.009703024
ENSG00000018510.17,0.009693645
ENSG00000134057.15,0.009691441
ENSG00000133142.18,0.00968509
ENSG00000116031.9,0.009679024
ENSG00000196372.13,0.009678637
ENSG00000115648.14,0.009671944
ENSG00000054598.9,0.00966745
ENSG00000163082.10,0.009667371
ENSG00000069702.11,0.009654726
ENSG00000160716.6,0.009652422
ENSG00000166033.13,0.009648061
ENSG00000175183.10,0.009647022
ENSG00000064205.10,0.00964324
ENSG00000197565.16,0.009642932
ENSG00000104369.5,0.009641646
ENSG00000150594.7,0.009636739
ENSG00000138696.11,0.009635934
ENSG00000163520.14,0.009632865
ENSG00000007237.19,0.009626596
ENSG00000010327.10,0.009624639
ENSG00000159763.4,0.0096178
ENSG00000171199.11,0.009611401
ENSG00000065534.19,0.009606951
ENSG00000169750.9,0.009600057
ENSG00000211974.3,0.009590809
ENSG00000101773.19,0.00958301
ENSG00000181143.15,0.009582173
ENSG00000240694.9,0.009572774
ENSG00000145431.11,0.009570301
ENSG00000204335.4,0.009562928
ENSG00000258986.7,0.00956197
ENSG00000143412.10,0.009560529
ENSG00000138207.14,0.009556782
ENSG00000143153.13,0.009555269
ENSG00000108932.12,0.009553045
ENSG00000154330.13,0.009547126
ENSG00000108576.10,0.009537509
ENSG00000125378.16,0.009537174
ENSG00000130176.8,0.00953386
ENSG00000079385.23,0.009526263
ENSG00000164125.16,0.009525181
ENSG00000170011.14,0.009521414
ENSG00000234918.1,0.009518705
ENSG00000185052.12,0.009517632
ENSG00000100979.15,0.009515178
ENSG00000101194.18,0.009513038
ENSG00000110811.20,0.009507513
ENSG00000147535.17,0.009507148
ENSG00000136840.19,0.009499255
ENSG00000108846.16,0.009496955
ENSG00000287853.1,0.009495574
ENSG00000230937.12,0.009495346
ENSG00000137809.17,0.009495165
ENSG00000130829.18,0.009493494
ENSG00000136928.7,0.0094889905
ENSG00000237973.1,0.009483357
ENSG00000072858.11,0.009479484
ENSG00000162745.10,0.00947917
ENSG00000175567.11,0.009477135
ENSG00000198353.8,0.009475505
ENSG00000151914.20,0.009468715
ENSG00000112936.19,0.009461575
ENSG00000143409.15,0.009460782
ENSG00000143452.16,0.009459417
ENSG00000148848.14,0.00945428
ENSG00000102409.10,0.009446679
ENSG00000159335.18,0.009445667
ENSG00000160606.11,0.009444717
ENSG00000119938.9,0.009442574
ENSG00000206337.12,0.009436466
ENSG00000171714.12,0.00943429
ENSG00000143387.14,0.009427559
ENSG00000105929.16,0.009420345
ENSG00000123908.12,0.009419213
ENSG00000269404.7,0.0094097685
ENSG00000211973.2,0.009408193
ENSG00000080200.10,0.009407994
ENSG00000046653.15,0.009395407
ENSG00000184371.14,0.00939021
ENSG00000180616.9,0.009389935
ENSG00000134775.15,0.009385472
ENSG00000117122.14,0.009375424
ENSG00000173369.17,0.0093734795
ENSG00000185551.15,0.009370961
ENSG00000116729.14,0.009368146
ENSG00000122641.11,0.00933234
ENSG00000277147.6,0.009331772
ENSG00000144619.15,0.009317968
ENSG00000075461.6,0.009312199
ENSG00000167306.20,0.009305099
ENSG00000100170.10,0.009297239
ENSG00000107796.13,0.009293236
ENSG00000260807.7,0.009288861
ENSG00000130487.9,0.009274461
ENSG00000056736.10,0.0092713535
ENSG00000065717.15,0.009269241
ENSG00000162733.19,0.009264372
ENSG00000121064.13,0.009260592
ENSG00000129151.9,0.009256225
ENSG00000134202.11,0.009242184
ENSG00000237988.5,0.009240114
ENSG00000117407.17,0.009232318
ENSG00000091490.11,0.009225476
ENSG00000165186.12,0.0092060855
ENSG00000129437.11,0.009197174
ENSG00000121898.13,0.009195918
ENSG00000163083.6,0.009193697
ENSG00000138735.16,0.009190044
ENSG00000174099.12,0.009188838
ENSG00000069482.7,0.009184275
ENSG00000189056.14,0.009183283
ENSG00000091138.13,0.009182901
ENSG00000211962.2,0.0091826245
ENSG00000028137.19,0.009179942
ENSG00000012779.11,0.0091759395
ENSG00000114812.13,0.009168219
ENSG00000211950.2,0.009167784
ENSG00000170921.15,0.009164875
ENSG00000076716.9,0.009164554
ENSG00000164638.10,0.009162851
ENSG00000143546.10,0.009160953
ENSG00000240382.3,0.009159933
ENSG00000103460.17,0.009148328
ENSG00000197774.13,0.009143759
ENSG00000130038.10,0.009143009
ENSG00000133069.17,0.00914047
ENSG00000105825.14,0.0091306
ENSG00000159307.19,0.009127462
ENSG00000236313.1,0.009120882
ENSG00000211668.2,0.009110242
ENSG00000226777.7,0.009108996
ENSG00000145423.5,0.009094687
ENSG00000129946.10,0.009091044
ENSG00000106236.4,0.009089648
ENSG00000000003.15,0.009088504
ENSG00000171903.16,0.009081576
ENSG00000169035.12,0.009078628
ENSG00000241361.8,0.009074967
ENSG00000211935.3,0.009073092
ENSG00000145623.13,0.009072631
ENSG00000068650.18,0.009064537
ENSG00000149927.18,0.009061691
ENSG00000223764.2,0.009058048
ENSG00000137198.10,0.009050208
ENSG00000174307.7,0.009038683
ENSG00000148219.17,0.009029668
ENSG00000177679.16,0.009024273
ENSG00000180596.7,0.00902045
ENSG00000114529.13,0.009010307
ENSG00000156650.14,0.0090075685
ENSG00000162595.7,0.009005157
ENSG00000172292.15,0.009004091
ENSG00000134955.12,0.008994467
ENSG00000141384.13,0.008984596
ENSG00000182175.14,0.008984547
ENSG00000204681.11,0.008980287
ENSG00000167549.18,0.0089790225
ENSG00000101311.16,0.008973274
ENSG00000204710.2,0.008965608
ENSG00000149809.16,0.00896197
ENSG00000104381.14,0.008954153
ENSG00000184588.18,0.008952506
ENSG00000196440.11,0.008952123
ENSG00000131477.11,0.008945686
ENSG00000198759.12,0.008945251
ENSG00000180730.5,0.008944355
ENSG00000170558.10,0.008943612
ENSG00000103485.19,0.008933396
ENSG00000075618.18,0.008929017
ENSG00000211655.3,0.008917117
ENSG00000103254.10,0.008904733
ENSG00000198691.13,0.008894362
ENSG00000134762.17,0.008894305
ENSG00000151651.16,0.008889855
ENSG00000103024.7,0.008885594
ENSG00000162755.14,0.008881211
ENSG00000107281.10,0.008877351
ENSG00000167619.13,0.008867981
ENSG00000118971.9,0.008865488
ENSG00000085265.11,0.008857052
ENSG00000088836.14,0.008841383
ENSG00000118898.16,0.008841303
ENSG00000173809.18,0.008839194
ENSG00000252621.1,0.008816151
ENSG00000211941.3,0.008812389
ENSG00000132000.13,0.008811607
ENSG00000050344.9,0.008809787
ENSG00000167702.13,0.008804976
ENSG00000170962.13,0.008796798
ENSG00000105971.15,0.008796744
ENSG00000141449.15,0.008793779
ENSG00000166501.14,0.008791332
ENSG00000034510.6,0.008769588
ENSG00000086570.12,0.008758495
ENSG00000134258.17,0.008745779
ENSG00000134317.18,0.008742145
ENSG00000162174.12,0.0087417085
ENSG00000169436.17,0.008731859
ENSG00000203805.11,0.00872897
ENSG00000109321.11,0.008726847
ENSG00000141337.12,0.008723747
ENSG00000230257.5,0.008717764
ENSG00000204385.13,0.008709162
ENSG00000065371.17,0.008704272
ENSG00000029559.7,0.008700794
ENSG00000243290.3,0.008695576
ENSG00000229314.5,0.008691729
ENSG00000156689.7,0.008689963
ENSG00000138944.8,0.008687824
ENSG00000249992.2,0.008671728
ENSG00000197471.12,0.008668365
ENSG00000090006.18,0.0086664595
ENSG00000041353.10,0.008626959
ENSG00000211637.2,0.008626033
ENSG00000175793.12,0.008624908
ENSG00000007062.12,0.0086211385
ENSG00000145555.15,0.008620794
ENSG00000178776.5,0.008617037
ENSG00000138180.16,0.008613104
ENSG00000175602.4,0.008612167
ENSG00000229754.1,0.008602314
ENSG00000181104.7,0.008601524
ENSG00000123338.13,0.008601492
ENSG00000162645.13,0.0085969
ENSG00000101680.15,0.0085943965
ENSG00000162878.13,0.008594007
ENSG00000087842.11,0.008588439
ENSG00000107130.10,0.008587765
ENSG00000117394.24,0.008586627
ENSG00000276775.1,0.00858658
ENSG00000099219.14,0.008585746
ENSG00000185442.13,0.008576621
ENSG00000072818.12,0.008571767
ENSG00000151208.17,0.0085633015
ENSG00000182985.18,0.008562037
ENSG00000124882.4,0.008557224
ENSG00000237442.3,0.008544591
ENSG00000158966.16,0.008530911
ENSG00000029153.14,0.008516562
ENSG00000276600.5,0.008514753
ENSG00000122591.12,0.0085056145
ENSG00000214100.8,0.008499485
ENSG00000268089.3,0.0084984265
ENSG00000047457.14,0.008492875
ENSG00000013583.10,0.008486616
ENSG00000164106.8,0.0084838085
ENSG00000196090.12,0.0084825065
ENSG00000185479.6,0.008480373
ENSG00000155760.2,0.0084773125
ENSG00000232040.4,0.008475691
ENSG00000111335.13,0.008474743
ENSG00000180530.11,0.008470472
ENSG00000212907.2,0.008460782
ENSG00000183580.10,0.008460024
ENSG00000116711.10,0.0084541915
ENSG00000145632.15,0.008450842
ENSG00000237515.9,0.008449418
ENSG00000140287.11,0.008448678
ENSG00000133985.3,0.008442191
ENSG00000139329.5,0.008442007
ENSG00000211972.2,0.0084398305
ENSG00000122756.15,0.008438632
ENSG00000090539.15,0.008435449
ENSG00000133328.4,0.008434951
ENSG00000132563.16,0.008434598
ENSG00000240864.3,0.0084235
ENSG00000151388.11,0.008420152
ENSG00000211658.2,0.008419434
ENSG00000136490.9,0.008419344
ENSG00000130193.8,0.008419226
ENSG00000214530.9,0.008416901
ENSG00000171451.14,0.008415222
ENSG00000079308.19,0.008414641
ENSG00000079156.17,0.00841193
ENSG00000143632.14,0.008411029
ENSG00000169900.8,0.008408964
ENSG00000183935.5,0.008406029
ENSG00000189377.9,0.008404887
ENSG00000120915.14,0.008399676
ENSG00000064989.13,0.008396072
ENSG00000176597.12,0.008388619
ENSG00000160593.19,0.008387087
ENSG00000213694.6,0.008383735
ENSG00000134954.14,0.00838367
ENSG00000147255.19,0.008382882
ENSG00000128283.7,0.008376872
ENSG00000105976.16,0.008375982
ENSG00000012660.14,0.008375226
ENSG00000109436.8,0.008372129
ENSG00000244437.1,0.008344859
ENSG00000120262.10,0.008338707
ENSG00000016402.13,0.008334779
ENSG00000173432.12,0.008329759
ENSG00000146530.14,0.008327315
ENSG00000109472.14,0.008317301
ENSG00000270550.1,0.008311647
ENSG00000080573.7,0.0083071245
ENSG00000165124.18,0.008300134
ENSG00000187097.13,0.00829754
ENSG00000244486.9,0.00829325
ENSG00000211638.2,0.008290743
ENSG00000152527.14,0.008287272
ENSG00000143320.9,0.00828436
ENSG00000089127.14,0.0082761645
ENSG00000106123.12,0.008275515
ENSG00000124813.23,0.0082723405
ENSG00000129675.16,0.008269475
ENSG00000019169.10,0.008269031
ENSG00000141526.17,0.008268529
ENSG00000094804.12,0.0082654515
ENSG00000164326.5,0.008264939
ENSG00000100003.18,0.008260656
ENSG00000163513.19,0.008258841
ENSG00000243649.9,0.008249461
ENSG00000228594.4,0.008249008
ENSG00000091656.19,0.008248542
ENSG00000162772.17,0.008247987
ENSG00000152894.15,0.008246229
ENSG00000152953.13,0.008245674
ENSG00000137642.13,0.008244711
ENSG00000278318.5,0.008243245
ENSG00000105894.12,0.008241841
ENSG00000147443.13,0.008239168
ENSG00000134668.12,0.008237056
ENSG00000286042.1,0.008234294
ENSG00000147381.11,0.0082303705
ENSG00000168502.17,0.008217083
ENSG00000176463.14,0.008213844
ENSG00000157601.14,0.008212236
ENSG00000087303.18,0.0082092965
ENSG00000166535.20,0.008200728
ENSG00000188488.14,0.008196168
ENSG00000114248.10,0.008194736
ENSG00000007908.16,0.008188956
ENSG00000139631.19,0.0081878435
ENSG00000104783.14,0.008185268
ENSG00000071575.11,0.008183975
ENSG00000115267.8,0.0081835175
ENSG00000154099.18,0.008181622
ENSG00000007402.12,0.008181007
ENSG00000162458.13,0.008180668
ENSG00000140519.14,0.0081793945
ENSG00000149256.16,0.008177353
ENSG00000204642.14,0.008161174
ENSG00000101447.15,0.008155846
ENSG00000123560.14,0.008153286
ENSG00000161798.7,0.0081530325
ENSG00000162545.6,0.008149113
ENSG00000108950.12,0.008147363
ENSG00000198786.2,0.008146449
ENSG00000143590.14,0.008146226
ENSG00000173705.9,0.00814451
ENSG00000079435.10,0.008143023
ENSG00000211592.8,0.008138833
ENSG00000174804.4,0.008137796
ENSG00000157992.12,0.0081373025
ENSG00000164308.17,0.008136796
ENSG00000149781.13,0.0081363665
ENSG00000082074.19,0.008128876
ENSG00000179862.7,0.008128043
ENSG00000163364.10,0.008126444
ENSG00000152661.9,0.008118616
ENSG00000139263.12,0.008114899
ENSG00000215252.11,0.008113581
ENSG00000157827.20,0.00809732
ENSG00000184058.14,0.008087043
ENSG00000078081.8,0.008086823
ENSG00000181885.18,0.008077141
ENSG00000095713.14,0.008075278
ENSG00000081051.8,0.008068135
ENSG00000137628.17,0.008067741
ENSG00000204264.12,0.0080669345
ENSG00000160712.13,0.008064876
ENSG00000162069.16,0.008059085
ENSG00000198729.5,0.008055931
ENSG00000130592.17,0.008042888
ENSG00000211445.12,0.008041182
ENSG00000134909.18,0.008041071
ENSG00000111275.13,0.008037227
ENSG00000102024.18,0.0080326125
ENSG00000180354.16,0.008031937
ENSG00000143119.14,0.008027852
ENSG00000145244.12,0.00802637
ENSG00000112981.5,0.008019623
ENSG00000108924.14,0.008009652
ENSG00000225972.1,0.008008856
ENSG00000163359.16,0.008004611
ENSG00000112964.14,0.007996715
ENSG00000164181.14,0.007996373
ENSG00000172602.11,0.007989152
ENSG00000169442.9,0.007985641
ENSG00000136514.3,0.00798508
ENSG00000108852.15,0.007979916
ENSG00000137440.5,0.007979179
ENSG00000188153.14,0.007973638
ENSG00000166016.6,0.007971362
ENSG00000111344.11,0.007964596
ENSG00000105372.8,0.007964584
ENSG00000273472.1,0.007958461
ENSG00000110344.10,0.007958424
ENSG00000269113.4,0.007957743
ENSG00000163993.7,0.0079572555
ENSG00000115415.20,0.007953217
ENSG00000102935.12,0.007950534
ENSG00000110400.11,0.007947556
ENSG00000186185.14,0.007943044
ENSG00000135069.14,0.007940081
ENSG00000099769.6,0.007937829
ENSG00000138642.15,0.007936355
ENSG00000171222.10,0.007932879
ENSG00000210082.2,0.007931959
ENSG00000148513.18,0.0079318145
ENSG00000249661.1,0.0079297
ENSG00000119917.14,0.0079289805
ENSG00000104415.14,0.007924056
ENSG00000109062.12,0.007918431
ENSG00000198899.2,0.007918283
ENSG00000157168.20,0.007917836
ENSG00000130508.11,0.007912201
ENSG00000168685.15,0.00789588
ENSG00000160188.10,0.007882986
ENSG00000163141.20,0.007882206
ENSG00000091136.15,0.007877833
ENSG00000116661.11,0.007873457
ENSG00000100196.11,0.007867
ENSG00000211677.2,0.007862625
ENSG00000179954.16,0.007861632
ENSG00000092853.14,0.007857857
ENSG00000149451.18,0.007842695
ENSG00000171843.17,0.007840017
ENSG00000050165.18,0.007831088
ENSG00000122025.15,0.007819651
ENSG00000197119.13,0.00781547
ENSG00000211689.7,0.0078120437
ENSG00000140968.11,0.007811029
ENSG00000113594.10,0.00780845
ENSG00000167889.13,0.0078068897
ENSG00000120278.16,0.0077999304
ENSG00000270547.6,0.0077944477
ENSG00000164099.3,0.007793965
ENSG00000115825.11,0.0077935434
ENSG00000165030.4,0.007791588
ENSG00000197888.2,0.0077898386
ENSG00000121039.10,0.0077863913
ENSG00000164404.8,0.007775832
ENSG00000104140.7,0.007771483
ENSG00000139146.14,0.0077692326
ENSG00000168386.18,0.0077670296
ENSG00000280916.2,0.007766163
ENSG00000103253.19,0.0077622095
ENSG00000116299.17,0.007762164
ENSG00000177283.7,0.0077510513
ENSG00000154277.13,0.007750951
ENSG00000122188.13,0.0077491957
ENSG00000185811.19,0.0077477284
ENSG00000115165.10,0.007745248
ENSG00000224650.2,0.0077387365
ENSG00000150471.16,0.007738226
ENSG00000095209.12,0.007727789
ENSG00000164045.12,0.007726998
ENSG00000125851.10,0.007721643
ENSG00000106624.11,0.007718933
ENSG00000169679.15,0.0077078566
ENSG00000108691.9,0.007701503
ENSG00000168032.10,0.0076906113
ENSG00000123892.12,0.0076838583
ENSG00000116285.13,0.0076803654
ENSG00000133106.15,0.007676488
ENSG00000088340.17,0.00767121
ENSG00000100336.17,0.00767048
ENSG00000076344.16,0.007669352
ENSG00000018236.15,0.0076688076
ENSG00000269516.6,0.0076681376
ENSG00000164920.9,0.007667389
ENSG00000114790.13,0.007666081
ENSG00000141338.14,0.0076616895
ENSG00000145911.6,0.007655611
ENSG00000117013.17,0.0076519307
ENSG00000183569.18,0.0076497495
ENSG00000168329.14,0.0076496685
ENSG00000149633.12,0.007649498
ENSG00000172915.18,0.007645298
ENSG00000068079.8,0.007643688
ENSG00000153707.17,0.007639562
ENSG00000166840.13,0.007638504
ENSG00000174080.12,0.0076353187
ENSG00000243955.6,0.0076338556
ENSG00000077152.11,0.007633523
ENSG00000092621.13,0.007623331
ENSG00000089177.19,0.0076214196
ENSG00000182253.15,0.0076174918
ENSG00000120820.12,0.0076166973
ENSG00000125686.12,0.007615688
ENSG00000253802.2,0.007614851
ENSG00000165810.17,0.0076089166
ENSG00000211666.2,0.0076073217
ENSG00000153283.13,0.007606516
ENSG00000142235.12,0.0076054046
ENSG00000143512.13,0.0075994227
ENSG00000257108.2,0.007595377
ENSG00000237649.8,0.00758999
ENSG00000147257.15,0.007585822
ENSG00000187498.16,0.0075775417
ENSG00000135917.16,0.0075714393
ENSG00000256916.1,0.0075697284
ENSG00000124225.16,0.007563036
ENSG00000166821.9,0.0075619197
ENSG00000150938.10,0.007557607
ENSG00000116106.12,0.00755681
ENSG00000164659.15,0.007555269
ENSG00000137752.24,0.007545515
ENSG00000140479.18,0.007545249
ENSG00000144668.12,0.0075429003
ENSG00000231826.6,0.0075425296
ENSG00000099194.6,0.0075364476
ENSG00000162739.14,0.007527676
ENSG00000206538.9,0.0075260103
ENSG00000008516.17,0.0075226077
ENSG00000138604.10,0.0075225476
ENSG00000197496.6,0.007509785
ENSG00000180818.5,0.007509528
ENSG00000211949.3,0.0075039747
ENSG00000187486.5,0.007502834
ENSG00000029993.15,0.0074991737
ENSG00000164434.12,0.0074958503
ENSG00000084628.10,0.007495811
ENSG00000211652.2,0.007494841
ENSG00000130477.15,0.007488615
ENSG00000183779.7,0.0074868747
ENSG00000128591.16,0.007484234
ENSG00000137965.11,0.0074816244
ENSG00000160654.11,0.00747387
ENSG00000138646.9,0.007471486
ENSG00000156966.7,0.0074703433
ENSG00000136167.15,0.0074695894
ENSG00000105426.17,0.007467822
ENSG00000186160.5,0.007463003
ENSG00000166025.18,0.0074513042
ENSG00000135333.14,0.0074496646
ENSG00000120594.17,0.007445431
ENSG00000166819.12,0.0074450155
ENSG00000198888.2,0.0074414597
ENSG00000099624.8,0.007441312
ENSG00000133816.17,0.007434088
ENSG00000125999.11,0.0074285567
ENSG00000141750.7,0.0074216533
ENSG00000131773.14,0.007420339
ENSG00000127528.6,0.0074195853
ENSG00000134824.14,0.0073890793
ENSG00000180353.11,0.007387228
ENSG00000137077.8,0.007387175
ENSG00000156587.16,0.0073869904
ENSG00000137648.19,0.0073865848
ENSG00000169891.18,0.007382773
ENSG00000198804.2,0.007379301
ENSG00000122176.12,0.007376744
ENSG00000127129.10,0.0073726308
ENSG00000237361.3,0.007369197
ENSG00000111962.8,0.0073685143
ENSG00000168004.10,0.0073638507
ENSG00000115507.10,0.0073633203
ENSG00000196562.14,0.007357086
ENSG00000149591.17,0.0073557277
ENSG00000281990.1,0.0073553906
ENSG00000145808.10,0.007353702
ENSG00000172893.16,0.007349593
ENSG00000163823.4,0.0073482217
ENSG00000101441.4,0.0073451274
ENSG00000205517.13,0.0073440764
ENSG00000178726.7,0.007343771
ENSG00000118523.6,0.007343116
ENSG00000205213.14,0.007338425
ENSG00000124143.10,0.007336864
ENSG00000198053.12,0.0073351646
ENSG00000163072.16,0.00733253
ENSG00000110446.11,0.0073315026
ENSG00000163631.17,0.0073257694
ENSG00000137699.17,0.007324989
ENSG00000103187.8,0.00731474
ENSG00000133195.11,0.0073099295
ENSG00000179094.16,0.0073099243
ENSG00000186847.6,0.0073052347
ENSG00000101825.8,0.007282441
ENSG00000266094.8,0.007281861
ENSG00000138615.6,0.0072807437
ENSG00000154269.15,0.0072685084
ENSG00000100304.13,0.0072653787
ENSG00000142449.13,0.007260619
ENSG00000227507.3,0.007260301
ENSG00000181234.9,0.007257902
ENSG00000128567.17,0.007255028
ENSG00000111110.12,0.007250387
ENSG00000152086.9,0.0072443257
ENSG00000128815.19,0.0072377254
ENSG00000109113.20,0.0072268075
ENSG00000025708.14,0.007224417
ENSG00000168487.20,0.0072237523
ENSG00000148154.10,0.007223166
ENSG00000151883.19,0.0072224797
ENSG00000154640.15,0.0072195884
ENSG00000087116.16,0.0072143464
ENSG00000083720.13,0.0072101224
ENSG00000180535.4,0.0071946997
ENSG00000162551.14,0.0071944105
ENSG00000177575.13,0.007193586
ENSG00000166432.15,0.0071924184
ENSG00000166147.14,0.007191046
ENSG00000105357.19,0.00718797
ENSG00000165795.23,0.0071828067
ENSG00000115616.3,0.00717904
ENSG00000166816.15,0.0071757347
ENSG00000082397.17,0.007169323
ENSG00000115956.10,0.0071685584
ENSG00000101439.9,0.007166987
ENSG00000120332.16,0.0071652504
ENSG00000235978.6,0.0071576717
ENSG00000114547.10,0.007157589
ENSG00000204262.14,0.0071543646
ENSG00000181617.6,0.0071474044
ENSG00000155368.16,0.007145491
ENSG00000135318.12,0.0071454714
ENSG00000162493.16,0.0071428544
ENSG00000101336.17,0.0071371077
ENSG00000105141.6,0.007134912
ENSG00000134443.10,0.007132385
ENSG00000166920.13,0.007126109
ENSG00000128342.5,0.007125177
ENSG00000145860.12,0.0071251565
ENSG00000186340.16,0.0071250177
ENSG00000175352.11,0.0071202014
ENSG00000155850.8,0.0071188114
ENSG00000111249.14,0.007115158
ENSG00000147642.17,0.0071055684
ENSG00000107159.13,0.0071049887
ENSG00000106034.18,0.007099279
ENSG00000171557.17,0.0070933737
ENSG00000130775.16,0.0070900028
ENSG00000239855.1,0.0070898877
ENSG00000158050.5,0.0070857056
ENSG00000173068.18,0.00708117
ENSG00000033170.17,0.0070755146
ENSG00000096006.12,0.007066775
ENSG00000196628.20,0.007066294
ENSG00000170367.5,0.007061748
ENSG00000184454.7,0.007059807
ENSG00000152580.8,0.0070556444
ENSG00000105373.19,0.0070526074
ENSG00000187527.11,0.0070413686
ENSG00000196167.10,0.007040117
ENSG00000120885.22,0.0070350785
ENSG00000171428.15,0.007034125
ENSG00000113810.16,0.0070316414
ENSG00000006118.15,0.007030635
ENSG00000172037.14,0.007028652
ENSG00000162631.19,0.0070160166
ENSG00000168143.9,0.0070149084
ENSG00000183856.11,0.0070114243
ENSG00000142156.15,0.0070085535
ENSG00000103257.9,0.0070018703
ENSG00000171476.22,0.0069960174
ENSG00000154175.18,0.006988638
ENSG00000157514.16,0.0069854036
ENSG00000108821.14,0.006982161
ENSG00000099284.15,0.006981708
ENSG00000179841.8,0.0069737425
ENSG00000145545.12,0.0069731283
ENSG00000147526.20,0.006969148
ENSG00000169347.17,0.0069648745
ENSG00000189280.3,0.0069642924
ENSG00000197506.8,0.0069618104
ENSG00000241294.1,0.0069606304
ENSG00000166503.9,0.006958588
ENSG00000188641.14,0.006957077
ENSG00000164109.14,0.0069545666
ENSG00000152217.20,0.006953829
ENSG00000104290.11,0.0069506997
ENSG00000241351.3,0.00694774
ENSG00000124839.13,0.0069476594
ENSG00000154639.19,0.0069338167
ENSG00000160460.16,0.006931739
ENSG00000240583.13,0.0069260933
ENSG00000078114.19,0.0069246483
ENSG00000165626.17,0.006922449
ENSG00000186472.20,0.006909725
ENSG00000237440.9,0.0069095166
ENSG00000136999.5,0.006907346
ENSG00000174749.6,0.0069062365
ENSG00000115523.17,0.0069004074
ENSG00000112667.13,0.006899392
ENSG00000235750.10,0.0068983184
ENSG00000128602.11,0.006897574
ENSG00000121316.11,0.0068934127
ENSG00000258837.1,0.0068881726
ENSG00000038427.16,0.006887901
ENSG00000171791.14,0.0068851826
ENSG00000137959.16,0.0068846773
ENSG00000211452.11,0.006877038
ENSG00000123384.14,0.0068696896
ENSG00000121807.6,0.0068695275
ENSG00000141198.16,0.0068663927
ENSG00000166347.19,0.0068638898
ENSG00000178026.13,0.0068625007
ENSG00000163638.13,0.0068549085
ENSG00000149131.17,0.0068490356
ENSG00000042493.16,0.006847462
ENSG00000162433.15,0.006840483
ENSG00000103876.13,0.0068395366
ENSG00000144649.9,0.006838004
ENSG00000130529.16,0.0068357564
ENSG00000180448.10,0.0068331133
ENSG00000138685.17,0.0068282224
ENSG00000112290.13,0.0068217386
ENSG00000166317.12,0.0068150125
ENSG00000143228.13,0.006811173
ENSG00000088325.16,0.0068094754
ENSG00000057593.14,0.00680325
ENSG00000162981.14,0.0068027223
ENSG00000104998.4,0.0067981686
ENSG00000196924.19,0.0067919707
ENSG00000147697.9,0.006790794
ENSG00000101871.16,0.006790736
ENSG00000170837.3,0.0067898924
ENSG00000129173.13,0.006785799
ENSG00000198478.8,0.0067766462
ENSG00000211650.2,0.0067747217
ENSG00000176887.7,0.0067739524
ENSG00000085552.17,0.0067655235
ENSG00000197747.9,0.006764212
ENSG00000239887.6,0.0067582023
ENSG00000196843.17,0.006757265
ENSG00000145936.9,0.006754085
ENSG00000135929.9,0.0067521743
ENSG00000166426.8,0.0067483303
ENSG00000102359.8,0.006741757
ENSG00000211664.3,0.0067404713
ENSG00000130147.16,0.0067401337
ENSG00000164294.14,0.006732006
ENSG00000160345.13,0.0067302645
ENSG00000164647.9,0.0067240754
ENSG00000147180.17,0.006723567
ENSG00000255774.2,0.0067151897
ENSG00000162337.12,0.006710411
ENSG00000176845.13,0.006708494
ENSG00000169403.12,0.0067069307
ENSG00000074527.13,0.006704937
ENSG00000109084.14,0.0067031095
ENSG00000071991.9,0.0067021195
ENSG00000187288.12,0.0066982247
ENSG00000215808.4,0.0066959877
ENSG00000115107.20,0.0066867652
ENSG00000132819.17,0.006685009
ENSG00000256870.3,0.00667706
ENSG00000073756.12,0.00667613
ENSG00000116690.13,0.006675832
ENSG00000078589.13,0.006675617
ENSG00000104611.12,0.0066745193
ENSG00000107562.16,0.00667397
ENSG00000090376.11,0.0066716047
ENSG00000157388.19,0.006667696
ENSG00000164104.12,0.00666606
ENSG00000198363.18,0.0066637537
ENSG00000128311.14,0.0066618063
ENSG00000133110.15,0.006659555
ENSG00000151715.8,0.006659345
ENSG00000112984.12,0.0066582183
ENSG00000136286.16,0.006649567
ENSG00000235687.9,0.0066490914
ENSG00000173335.5,0.0066466862
ENSG00000100292.18,0.006641464
ENSG00000136574.18,0.006640618
ENSG00000160957.14,0.006639132
ENSG00000196074.13,0.006638417
ENSG00000124243.17,0.00662473
ENSG00000166833.22,0.006610953
ENSG00000240216.7,0.0066095544
ENSG00000255974.8,0.0066076494
ENSG00000163701.19,0.0066004903
ENSG00000127329.16,0.0065996973
ENSG00000067057.18,0.006599464
ENSG00000171759.10,0.00659163
ENSG00000169439.12,0.0065895026
ENSG00000109610.6,0.006588516
ENSG00000214193.11,0.0065871766
ENSG00000136010.14,0.0065862946
ENSG00000184811.4,0.006579041
ENSG00000090530.10,0.0065779146
ENSG00000007264.15,0.006577596
ENSG00000186526.13,0.006574655
ENSG00000166828.3,0.0065645934
ENSG00000173193.15,0.006564031
ENSG00000198753.12,0.0065632486
ENSG00000175287.19,0.006559606
ENSG00000275385.2,0.0065546217
ENSG00000189058.9,0.0065535847
ENSG00000177694.16,0.0065511176
ENSG00000168918.14,0.006549118
ENSG00000177098.9,0.0065462925
ENSG00000105518.14,0.00653991
ENSG00000073792.16,0.00653831
ENSG00000147041.12,0.006537372
ENSG00000129422.14,0.0065339785
ENSG00000177675.9,0.0065286844
ENSG00000182154.8,0.006528131
ENSG00000163739.5,0.006520885
ENSG00000135919.14,0.006520445
ENSG00000174371.17,0.006518495
ENSG00000120254.16,0.006517264
ENSG00000089692.9,0.0065148105
ENSG00000089327.15,0.0065123793
ENSG00000005844.19,0.006512065
ENSG00000175463.12,0.0065116393
ENSG00000148143.13,0.0065100105
ENSG00000183741.12,0.0065037506
ENSG00000137872.17,0.006501678
ENSG00000149485.19,0.006498162
ENSG00000121440.15,0.0064835227
ENSG00000145730.20,0.006463821
ENSG00000134516.18,0.0064635687
ENSG00000132481.7,0.006461359
ENSG00000162654.9,0.0064514987
ENSG00000135114.12,0.0064503094
ENSG00000101230.6,0.0064491304
ENSG00000122863.6,0.00644851
ENSG00000111907.21,0.0064480393
ENSG00000103196.12,0.006436469
ENSG00000264589.4,0.0064292415
ENSG00000100285.10,0.0064273127
ENSG00000136960.13,0.0064168484
ENSG00000163032.12,0.0064166947
ENSG00000161405.17,0.006415684
ENSG00000172379.21,0.006394045
ENSG00000142185.16,0.0063936515
ENSG00000132470.14,0.006392318
ENSG00000115884.11,0.0063907835
ENSG00000182240.16,0.00638497
ENSG00000221963.6,0.0063840523
ENSG00000160862.13,0.0063826144
ENSG00000075886.11,0.006380571
ENSG00000287900.1,0.0063797534
ENSG00000185818.8,0.00637576
ENSG00000013725.14,0.006368548
ENSG00000159166.15,0.006358875
ENSG00000117266.16,0.006354337
ENSG00000171608.16,0.0063542803
ENSG00000211896.7,0.0063516092
ENSG00000134817.11,0.006347781
ENSG00000128833.13,0.006342231
ENSG00000075643.6,0.0063322564
ENSG00000107833.10,0.0063312203
ENSG00000115112.8,0.0063242675
ENSG00000139737.22,0.006317324
ENSG00000157240.4,0.006312274
ENSG00000135549.15,0.0062994366
ENSG00000197253.13,0.0062957923
ENSG00000004468.13,0.006294257
ENSG00000141579.7,0.006284608
ENSG00000101224.17,0.006283979
ENSG00000007968.7,0.006281559
ENSG00000116678.20,0.006278296
ENSG00000165272.16,0.0062764105
ENSG00000079337.16,0.006271663
ENSG00000173894.11,0.0062697497
ENSG00000211895.5,0.006267353
ENSG00000144426.18,0.0062671877
ENSG00000159674.12,0.006262781
ENSG00000164919.11,0.0062555843
ENSG00000128284.19,0.006251507
ENSG00000069020.18,0.006247899
ENSG00000163430.12,0.006239294
ENSG00000134853.12,0.0062305746
ENSG00000186810.8,0.0062295245
ENSG00000170091.11,0.006224408
ENSG00000166402.9,0.0062195472
ENSG00000181458.10,0.006218505
ENSG00000144057.15,0.0062154075
ENSG00000110777.12,0.0062074116
ENSG00000188290.11,0.006204165
ENSG00000198879.12,0.006202198
ENSG00000187045.19,0.006189987
ENSG00000140853.16,0.0061818883
ENSG00000100968.14,0.006178826
ENSG00000204219.11,0.006168421
ENSG00000135116.9,0.0061678602
ENSG00000088827.12,0.0061645145
ENSG00000163808.17,0.006158375
ENSG00000204186.10,0.006158075
ENSG00000211663.2,0.0061569503
ENSG00000172551.11,0.006149382
ENSG00000140526.18,0.006143602
ENSG00000198768.11,0.006140714
ENSG00000117650.13,0.006139419
ENSG00000172543.8,0.006135579
ENSG00000184012.13,0.0061340667
ENSG00000159713.11,0.006131907
ENSG00000235436.10,0.0061299284
ENSG00000187244.12,0.006129371
ENSG00000159753.14,0.0061191204
ENSG00000182809.11,0.0061179553
ENSG00000179144.5,0.006117466
ENSG00000112874.10,0.0061154477
ENSG00000115268.10,0.0061064875
ENSG00000165617.15,0.00610514
ENSG00000064309.14,0.006105123
ENSG00000107738.20,0.006104513
ENSG00000144857.14,0.006103472
ENSG00000178531.6,0.0060956664
ENSG00000248727.6,0.0060896757
ENSG00000100302.7,0.006088491
ENSG00000117322.18,0.0060866224
ENSG00000114270.17,0.006084238
ENSG00000215182.8,0.0060742283
ENSG00000017483.15,0.0060698763
ENSG00000135226.18,0.006063009
ENSG00000140092.14,0.006062251
ENSG00000073849.16,0.0060608084
ENSG00000204542.3,0.0060585476
ENSG00000161649.13,0.0060567465
ENSG00000086619.14,0.0060534067
ENSG00000106483.12,0.0060453033
ENSG00000211897.9,0.0060386206
ENSG00000132514.14,0.006035938
ENSG00000179583.19,0.006035672
ENSG00000181847.12,0.006035421
ENSG00000117115.13,0.006035026
ENSG00000065621.15,0.0060349125
ENSG00000243364.8,0.0060327207
ENSG00000143369.15,0.0060317335
ENSG00000110427.17,0.006024386
ENSG00000106780.9,0.0060222764
ENSG00000052344.16,0.006018105
ENSG00000131471.7,0.0060178265
ENSG00000205426.10,0.006017521
ENSG00000156968.9,0.0060157427
ENSG00000146670.10,0.0060156514
ENSG00000108352.13,0.006000876
ENSG00000197766.8,0.0059999735
ENSG00000137807.16,0.005997323
ENSG00000152503.10,0.0059955837
ENSG00000135773.13,0.0059933313
ENSG00000162722.9,0.0059930664
ENSG00000171243.8,0.005991407
ENSG00000213366.13,0.005987976
ENSG00000019102.12,0.005987048
ENSG00000173918.15,0.005975198
ENSG00000094963.14,0.005974431
ENSG00000104738.18,0.005973208
ENSG00000160180.15,0.0059665097
ENSG00000156218.13,0.0059620193
ENSG00000134326.11,0.0059611844
ENSG00000161055.4,0.0059586815
ENSG00000106484.16,0.005954466
ENSG00000203697.12,0.0059542996
ENSG00000119411.11,0.0059540975
ENSG00000140563.15,0.0059537
ENSG00000144045.14,0.0059474376
ENSG00000149573.9,0.005943992
ENSG00000102038.16,0.0059407614
ENSG00000154080.14,0.005936782
ENSG00000169026.13,0.0059352466
ENSG00000161016.18,0.005928026
ENSG00000134339.9,0.0059249764
ENSG00000153551.14,0.005921249
ENSG00000135638.14,0.005918021
ENSG00000111371.16,0.005906469
ENSG00000166823.5,0.005904102
ENSG00000211679.2,0.0059036505
ENSG00000099860.9,0.0058931485
ENSG00000143476.18,0.005891078
ENSG00000134028.14,0.0058887294
ENSG00000168079.17,0.005887946
ENSG00000081138.14,0.0058850804
ENSG00000117114.20,0.005884503
ENSG00000197046.12,0.005883551
ENSG00000203867.8,0.0058804057
ENSG00000144891.18,0.005877773
ENSG00000165105.10,0.0058766655
ENSG00000171388.12,0.0058752387
ENSG00000232573.1,0.0058740084
ENSG00000131747.15,0.0058697946
ENSG00000183853.18,0.005869176
ENSG00000102313.9,0.0058637997
ENSG00000133048.13,0.0058636297
ENSG00000223573.7,0.005861903
ENSG00000189001.11,0.0058597242
ENSG00000082196.21,0.005853705
ENSG00000135678.12,0.0058531417
ENSG00000166250.12,0.0058525293
ENSG00000116962.15,0.005849144
ENSG00000168702.18,0.0058482205
ENSG00000136160.17,0.0058428464
ENSG00000134013.16,0.005837718
ENSG00000146938.16,0.0058361483
ENSG00000225492.6,0.005836132
ENSG00000211649.3,0.005826886
ENSG00000089820.16,0.0058241957
ENSG00000112297.18,0.005815483
ENSG00000105011.9,0.005813683
ENSG00000250722.6,0.005807938
ENSG00000111728.10,0.005803963
ENSG00000140379.9,0.005803629
ENSG00000145506.14,0.005795805
ENSG00000106211.10,0.0057814154
ENSG00000154027.19,0.0057806713
ENSG00000175643.10,0.0057786903
ENSG00000127586.17,0.005774806
ENSG00000117009.12,0.0057695606
ENSG00000065328.17,0.0057634674
ENSG00000127324.9,0.0057610185
ENSG00000136859.10,0.0057591186
ENSG00000183087.15,0.0057581826
ENSG00000116176.6,0.0057509947
ENSG00000214548.18,0.0057490836
ENSG00000267795.6,0.005745655
ENSG00000256124.6,0.0057378113
ENSG00000175356.14,0.005737396
ENSG00000181381.14,0.0057356777
ENSG00000198821.11,0.005733712
ENSG00000140798.16,0.0057315785
ENSG00000116157.6,0.005731433
ENSG00000134760.6,0.0057267062
ENSG00000145675.15,0.0057191765
ENSG00000147676.14,0.005714447
ENSG00000064666.15,0.005714007
ENSG00000035862.12,0.0057122693
ENSG00000113140.11,0.0057121497
ENSG00000181649.8,0.0057109683
ENSG00000147536.12,0.0057045114
ENSG00000183943.6,0.00570376
ENSG00000167588.13,0.0056966958
ENSG00000158125.10,0.0056938934
ENSG00000026559.14,0.0056920457
ENSG00000125730.17,0.00568764
ENSG00000185567.7,0.005686143
ENSG00000123191.16,0.005685408
ENSG00000143061.18,0.005684774
ENSG00000110448.11,0.005682975
ENSG00000151468.11,0.005676706
ENSG00000126878.13,0.0056764544
ENSG00000170525.21,0.005671425
ENSG00000139292.13,0.00567132
ENSG00000211945.2,0.0056682434
ENSG00000002586.20,0.0056647863
ENSG00000185634.12,0.0056647826
ENSG00000167656.5,0.005660561
ENSG00000135424.18,0.0056551704
ENSG00000265766.3,0.0056528887
ENSG00000155886.11,0.0056496887
ENSG00000124205.18,0.0056437436
ENSG00000136235.17,0.0056435973
ENSG00000125967.17,0.0056421817
ENSG00000088386.17,0.005642057
ENSG00000141441.16,0.0056410953
ENSG00000068366.20,0.0056407386
ENSG00000211669.3,0.0056382557
ENSG00000133401.16,0.0056347335
ENSG00000260314.3,0.005629302
ENSG00000115464.15,0.005625835
ENSG00000124491.16,0.0056185517
ENSG00000215845.11,0.0056180027
ENSG00000188643.11,0.0056177885
ENSG00000171303.7,0.0056126094
ENSG00000101670.12,0.0056048287
ENSG00000142945.13,0.0056048143
ENSG00000128849.11,0.005599581
ENSG00000104321.11,0.0055971364
ENSG00000254726.3,0.0055970848
ENSG00000198848.13,0.005592538
ENSG00000132821.12,0.0055727456
ENSG00000089199.10,0.005569046
ENSG00000198682.13,0.0055678645
ENSG00000087245.13,0.005566902
ENSG00000176771.17,0.005566674
ENSG00000164756.12,0.0055638594
ENSG00000022267.19,0.0055582873
ENSG00000075218.19,0.00555799
ENSG00000108106.14,0.0055529205
ENSG00000091409.15,0.005543642
ENSG00000186193.9,0.0055425535
ENSG00000159403.18,0.005542514
ENSG00000204248.11,0.005539745
ENSG00000187955.12,0.005537052
ENSG00000198795.11,0.0055365264
ENSG00000071794.16,0.0055360603
ENSG00000102003.11,0.0055337194
ENSG00000145147.20,0.0055279043
ENSG00000081059.20,0.0055238856
ENSG00000166959.8,0.0055176457
ENSG00000099260.11,0.0055103423
ENSG00000103490.14,0.0055080056
ENSG00000166979.13,0.0055079255
ENSG00000113657.13,0.005506612
ENSG00000158321.18,0.0055025946
ENSG00000131435.13,0.005494477
ENSG00000175084.12,0.005493683
ENSG00000125869.10,0.0054903408
ENSG00000278196.3,0.005486723
ENSG00000134215.16,0.0054856283
ENSG00000172366.20,0.0054830494
ENSG00000157214.14,0.0054799914
ENSG00000111816.8,0.0054750615
ENSG00000102524.11,0.0054738284
ENSG00000113263.13,0.0054712044
ENSG00000129521.15,0.005470592
ENSG00000173706.14,0.0054656835
ENSG00000127914.18,0.0054654926
ENSG00000020181.18,0.0054637985
ENSG00000249346.7,0.0054541985
ENSG00000166482.12,0.005447757
ENSG00000198938.2,0.0054419762
ENSG00000165644.11,0.005439716
ENSG00000182600.9,0.0054384097
ENSG00000198771.11,0.0054310816
ENSG00000211890.4,0.005430016
ENSG00000154736.6,0.005423011
ENSG00000102996.5,0.0054222248
ENSG00000196218.13,0.005416008
ENSG00000072041.17,0.005408778
ENSG00000186603.6,0.0054081203
ENSG00000167799.10,0.005392418
ENSG00000090534.20,0.0053915833
ENSG00000168542.16,0.005390608
ENSG00000182866.17,0.0053842026
ENSG00000130635.16,0.0053761746
ENSG00000156103.16,0.00536662
ENSG00000206503.13,0.0053650658
ENSG00000091513.16,0.0053519295
ENSG00000144730.19,0.0053513516
ENSG00000172216.6,0.005341277
ENSG00000185697.16,0.005341235
ENSG00000119547.6,0.005340826
ENSG00000157765.13,0.0053397226
ENSG00000055163.20,0.0053327004
ENSG00000005102.14,0.005330161
ENSG00000263934.5,0.0053292657
ENSG00000135063.19,0.005323706
ENSG00000143850.16,0.0053207153
ENSG00000211946.3,0.005318096
ENSG00000086696.11,0.00531422
ENSG00000197249.14,0.0053138263
ENSG00000137501.17,0.0053069973
ENSG00000178718.7,0.005301548
ENSG00000203499.12,0.005294065
ENSG00000157227.13,0.0052915793
ENSG00000160213.9,0.005291251
ENSG00000160856.21,0.005289582
ENSG00000168306.13,0.005288185
ENSG00000134871.19,0.0052833995
ENSG00000047346.12,0.005282218
ENSG00000164692.18,0.0052820602
ENSG00000134343.14,0.005276226
ENSG00000150051.14,0.0052747796
ENSG00000165730.16,0.005273666
ENSG00000287826.1,0.0052725556
ENSG00000150667.8,0.005270004
ENSG00000189143.9,0.0052683847
ENSG00000175040.6,0.005263082
ENSG00000168062.10,0.005262615
ENSG00000129691.16,0.0052623344
ENSG00000166582.10,0.005261362
ENSG00000163661.4,0.005249246
ENSG00000108700.5,0.005248966
ENSG00000152767.17,0.0052465163
ENSG00000135821.19,0.0052440115
ENSG00000197614.11,0.0052405964
ENSG00000164188.9,0.0052403943
ENSG00000241755.1,0.005237058
ENSG00000186998.16,0.0052356347
ENSG00000128510.12,0.005222664
ENSG00000173947.14,0.005221493
ENSG00000156011.17,0.005220034
ENSG00000105974.13,0.00521757
ENSG00000143297.19,0.005216995
ENSG00000181744.9,0.0052104546
ENSG00000159212.13,0.0052103032
ENSG00000113083.15,0.0052042296
ENSG00000184254.17,0.0051972545
ENSG00000065054.14,0.005189312
ENSG00000128683.14,0.005178963
ENSG00000101955.15,0.005178874
ENSG00000157456.8,0.0051713996
ENSG00000248779.1,0.005170848
ENSG00000184160.8,0.005167653
ENSG00000172465.14,0.005165512
ENSG00000116667.15,0.005159491
ENSG00000142875.19,0.0051574134
ENSG00000212766.9,0.005156081
ENSG00000196436.8,0.0051545515
ENSG00000211943.2,0.005152506
ENSG00000197943.10,0.0051507032
ENSG00000132465.12,0.0051504206
ENSG00000158089.15,0.0051451246
ENSG00000117228.10,0.005144087
ENSG00000146386.8,0.0051426385
ENSG00000132554.20,0.0051204967
ENSG00000224373.3,0.0051145474
ENSG00000237289.10,0.0051114187
ENSG00000239713.9,0.0051103886
ENSG00000258484.4,0.0051011955
ENSG00000112655.16,0.005097668
ENSG00000157110.16,0.0050963154
ENSG00000257337.7,0.0050930325
ENSG00000142149.9,0.0050894003
ENSG00000165949.12,0.0050885826
ENSG00000167772.12,0.005086418
ENSG00000243466.1,0.0050863638
ENSG00000150054.18,0.005086012
ENSG00000140534.14,0.0050845025
ENSG00000244575.3,0.00508299
ENSG00000198300.14,0.0050823106
ENSG00000073910.22,0.005078738
ENSG00000125995.16,0.005078626
ENSG00000134690.11,0.005074836
ENSG00000253125.1,0.0050694915
ENSG00000186517.14,0.0050666626
ENSG00000135447.17,0.0050648646
ENSG00000205221.12,0.005064514
ENSG00000152926.15,0.005064435
ENSG00000268104.3,0.005062848
ENSG00000167286.10,0.00506256
ENSG00000146233.8,0.0050591733
ENSG00000187123.15,0.005055994
ENSG00000147100.11,0.005051545
ENSG00000073111.14,0.0050445287
ENSG00000251039.2,0.0050415006
ENSG00000282122.1,0.005037196
ENSG00000233913.7,0.0050362446
ENSG00000104894.12,0.005032674
ENSG00000167191.12,0.005031073
ENSG00000121270.16,0.0050305864
ENSG00000245532.9,0.0050273277
ENSG00000211891.6,0.0050269887
ENSG00000149380.12,0.0050247866
ENSG00000085788.14,0.00502328
ENSG00000198930.13,0.0050200145
ENSG00000162746.14,0.0050032977
ENSG00000211934.3,0.00499919
ENSG00000005469.12,0.004995142
ENSG00000257743.8,0.004993906
ENSG00000009790.15,0.0049905754
ENSG00000167972.14,0.004990453
ENSG00000124493.14,0.0049873353
ENSG00000109956.13,0.004983907
ENSG00000188042.8,0.004979018
ENSG00000081026.19,0.004976901
ENSG00000107742.13,0.0049737883
ENSG00000124302.13,0.004972211
ENSG00000158246.8,0.00496898
ENSG00000141934.10,0.0049676453
ENSG00000254087.8,0.0049665985
ENSG00000112541.17,0.004963687
ENSG00000228278.5,0.0049606385
ENSG00000213759.10,0.00495935
ENSG00000117525.14,0.0049576024
ENSG00000144749.14,0.00495554
ENSG00000101098.13,0.0049545798
ENSG00000010932.17,0.004949128
ENSG00000249203.2,0.004949079
ENSG00000211959.2,0.004947375
ENSG00000170476.16,0.004945724
ENSG00000127152.18,0.0049432353
ENSG00000102362.15,0.004935681
ENSG00000151012.13,0.004932063
ENSG00000049540.18,0.004916278
ENSG00000142173.16,0.00491513
ENSG00000154319.16,0.0049128253
ENSG00000144810.16,0.004904254
ENSG00000233927.5,0.0049037156
ENSG00000103260.9,0.0049017826
ENSG00000026751.17,0.0048983474
ENSG00000084636.18,0.004895174
ENSG00000176170.14,0.0048898235
ENSG00000112414.15,0.004889072
ENSG00000108309.14,0.0048882337
ENSG00000111799.21,0.004874753
ENSG00000119508.18,0.0048718364
ENSG00000076382.17,0.004864543
ENSG00000121753.12,0.0048642755
ENSG00000119699.8,0.004862944
ENSG00000140022.13,0.00485957
ENSG00000196159.14,0.0048570824
ENSG00000176532.4,0.004855448
ENSG00000152270.9,0.004849704
ENSG00000169083.18,0.0048472765
ENSG00000133169.6,0.004845691
ENSG00000100362.13,0.0048433114
ENSG00000125347.14,0.004840862
ENSG00000107201.10,0.004832637
ENSG00000107554.17,0.0048283837
ENSG00000122122.10,0.0048197396
ENSG00000138160.7,0.0048195007
ENSG00000248905.10,0.004816268
ENSG00000011347.10,0.0048107374
ENSG00000133256.13,0.0048066126
ENSG00000131844.16,0.0048063737
ENSG00000077942.19,0.004801023
ENSG00000112996.11,0.0047894106
ENSG00000157502.13,0.004786537
ENSG00000105810.10,0.0047848695
ENSG00000172986.13,0.004784845
ENSG00000076555.15,0.0047751516
ENSG00000253729.8,0.0047742617
ENSG00000143851.15,0.004772429
ENSG00000227051.7,0.00477176
ENSG00000196569.13,0.004771076
ENSG00000103528.17,0.0047451365
ENSG00000183918.17,0.0047439868
ENSG00000135373.13,0.004740848
ENSG00000131781.13,0.0047402414
ENSG00000118849.10,0.004737845
ENSG00000188001.10,0.004732884
ENSG00000170465.10,0.004724507
ENSG00000162849.16,0.0047243675
ENSG00000243238.1,0.0047227354
ENSG00000189184.12,0.004715289
ENSG00000234745.12,0.0047131884
ENSG00000196611.5,0.0047128624
ENSG00000070193.5,0.004709763
ENSG00000265190.7,0.0047085257
ENSG00000138434.17,0.0047013997
ENSG00000112773.16,0.00470113
ENSG00000196557.13,0.004696335
ENSG00000196352.16,0.004696109
ENSG00000223572.10,0.0046952423
ENSG00000127863.16,0.004695109
ENSG00000122786.20,0.00469221
ENSG00000172183.15,0.0046882764
ENSG00000105122.13,0.004687366
ENSG00000180543.5,0.004686516
ENSG00000183044.12,0.004684514
ENSG00000143126.8,0.004681147
ENSG00000060138.13,0.0046807486
ENSG00000242125.3,0.0046803863
ENSG00000122952.17,0.004674588
ENSG00000139318.8,0.0046623074
ENSG00000117148.8,0.004661172
ENSG00000204389.10,0.0046591517
ENSG00000139910.20,0.004656666
ENSG00000251141.6,0.004654716
ENSG00000162415.7,0.004651816
ENSG00000178999.13,0.004620047
ENSG00000211651.3,0.0046150396
ENSG00000003436.16,0.0046122503
ENSG00000115085.14,0.004599777
ENSG00000156298.13,0.00459021
ENSG00000197892.13,0.004586268
ENSG00000184613.11,0.0045851995
ENSG00000147872.10,0.0045748553
ENSG00000141294.10,0.0045714863
ENSG00000116774.12,0.0045672017
ENSG00000175445.17,0.004564819
ENSG00000076770.14,0.0045630145
ENSG00000168209.5,0.0045602736
ENSG00000161888.11,0.0045588887
ENSG00000184368.16,0.0045537613
ENSG00000162366.8,0.0045499704
ENSG00000090889.12,0.0045473366
ENSG00000145794.17,0.004541236
ENSG00000071967.12,0.0045391163
ENSG00000152818.18,0.004531492
ENSG00000187608.10,0.004529426
ENSG00000078053.17,0.004526685
ENSG00000156970.13,0.004523332
ENSG00000168497.5,0.004516802
ENSG00000169429.11,0.004507742
ENSG00000154153.13,0.0045066746
ENSG00000167123.19,0.004504049
ENSG00000169692.13,0.004496833
ENSG00000211933.2,0.0044833776
ENSG00000130294.17,0.004479652
ENSG00000120756.13,0.004463313
ENSG00000105369.10,0.004461622
ENSG00000167526.14,0.0044609234
ENSG00000181449.4,0.0044572083
ENSG00000153721.19,0.0044548432
ENSG00000131459.13,0.004445557
ENSG00000120708.17,0.0044432655
ENSG00000013810.20,0.004441193
ENSG00000211976.2,0.00443934
ENSG00000225614.4,0.0044386466
ENSG00000165633.13,0.0044324338
ENSG00000144369.13,0.0044308044
ENSG00000172197.11,0.0044294954
ENSG00000089472.16,0.0044281594
ENSG00000168280.18,0.004425197
ENSG00000213401.10,0.0044228034
ENSG00000011465.18,0.004416096
ENSG00000164850.15,0.0044153845
ENSG00000100427.16,0.0044145775
ENSG00000082482.14,0.004414339
ENSG00000151835.16,0.0044124345
ENSG00000176194.18,0.004402157
ENSG00000064787.13,0.0043979674
ENSG00000165480.16,0.004390186
ENSG00000170743.17,0.0043784976
ENSG00000101412.13,0.0043697325
ENSG00000101057.16,0.004366285
ENSG00000178882.15,0.004362613
ENSG00000134323.12,0.0043604164
ENSG00000172478.18,0.0043603163
ENSG00000175756.13,0.0043592313
ENSG00000101938.15,0.0043589068
ENSG00000106565.18,0.0043488275
ENSG00000108344.15,0.004348741
ENSG00000105926.16,0.004345999
ENSG00000151224.13,0.00434066
ENSG00000109819.9,0.004335809
ENSG00000117479.15,0.0043315124
ENSG00000179388.9,0.00432856
ENSG00000167208.15,0.0043265033
ENSG00000138083.5,0.0043236422
ENSG00000166278.15,0.004319052
ENSG00000275993.3,0.004317784
ENSG00000065989.16,0.0043038353
ENSG00000164530.15,0.00430128
ENSG00000159423.17,0.0042975354
ENSG00000171848.16,0.004296964
ENSG00000070087.14,0.004294809
ENSG00000107099.16,0.0042916588
ENSG00000229453.2,0.004287798
ENSG00000172243.18,0.0042856783
ENSG00000123689.6,0.004274804
ENSG00000223648.4,0.0042730505
ENSG00000075891.22,0.004255049
ENSG00000011422.12,0.0042546084
ENSG00000135476.12,0.0042534745
ENSG00000143341.12,0.004253066
ENSG00000131016.17,0.0042474917
ENSG00000110318.15,0.0042398386
ENSG00000137285.10,0.0042394977
ENSG00000106018.14,0.0042389054
ENSG00000164199.18,0.0042305887
ENSG00000261324.2,0.0042193998
ENSG00000177238.14,0.0042019533
ENSG00000196177.13,0.0041974913
ENSG00000153563.16,0.004192769
ENSG00000087586.18,0.004190217
ENSG00000115353.11,0.004186217
ENSG00000171864.5,0.0041838973
ENSG00000189334.9,0.0041787173
ENSG00000261236.8,0.0041768057
ENSG00000128340.15,0.004168183
ENSG00000170959.14,0.00416806
ENSG00000095739.11,0.004166309
ENSG00000141744.4,0.00416387
ENSG00000130255.13,0.004162238
ENSG00000106799.13,0.004159756
ENSG00000137962.13,0.0041572596
ENSG00000156234.7,0.0041523306
ENSG00000227471.9,0.0041514756
ENSG00000114405.11,0.004151036
ENSG00000111206.13,0.004141536
ENSG00000180777.14,0.0041415114
ENSG00000167895.15,0.004140777
ENSG00000198466.12,0.0041399733
ENSG00000137812.20,0.004139488
ENSG00000197635.11,0.0041268757
ENSG00000132274.16,0.0041268123
ENSG00000107438.9,0.004124215
ENSG00000039068.19,0.004122579
ENSG00000134321.12,0.004117785
ENSG00000104763.20,0.0041129687
ENSG00000171564.12,0.0041112853
ENSG00000116741.8,0.004107035
ENSG00000143845.15,0.00410534
ENSG00000078596.11,0.0041047605
ENSG00000169248.13,0.0041021653
ENSG00000175063.17,0.0040981406
ENSG00000276168.1,0.0040952405
ENSG00000071282.12,0.004089569
ENSG00000117399.14,0.0040811845
ENSG00000254838.5,0.0040778536
ENSG00000172260.15,0.004076206
ENSG00000221866.9,0.0040734713
ENSG00000172716.16,0.0040701437
ENSG00000100644.17,0.0040627685
ENSG00000126947.13,0.004061481
ENSG00000131981.16,0.0040602875
ENSG00000070404.10,0.004052199
ENSG00000203747.12,0.004048272
ENSG00000205002.4,0.004046462
ENSG00000182481.10,0.0040451903
ENSG00000170035.16,0.004042427
ENSG00000188404.10,0.004037274
ENSG00000158373.8,0.004036965
ENSG00000149150.9,0.0040327944
ENSG00000197956.10,0.0040172357
ENSG00000146674.15,0.0040147672
ENSG00000144278.15,0.0040127225
ENSG00000074800.16,0.004005522
ENSG00000121653.11,0.004001349
ENSG00000166289.6,0.0039843856
ENSG00000145824.13,0.0039822636
ENSG00000151552.12,0.003979832
ENSG00000160932.11,0.0039714156
ENSG00000066279.18,0.0039690877
ENSG00000174348.14,0.00396178
ENSG00000138778.13,0.003959917
ENSG00000143819.12,0.0039529465
ENSG00000089685.15,0.003949699
ENSG00000163565.19,0.003949351
ENSG00000144485.11,0.003934584
ENSG00000229807.12,0.0039334223
ENSG00000165821.12,0.0039306507
ENSG00000048740.18,0.0039294595
ENSG00000060656.20,0.003926967
ENSG00000124256.15,0.003925802
ENSG00000072571.20,0.0039134296
ENSG00000147475.17,0.003908248
ENSG00000051523.11,0.0039075273
ENSG00000169583.13,0.0039017287
ENSG00000266714.9,0.0038877437
ENSG00000154734.16,0.0038808945
ENSG00000115919.15,0.0038806768
ENSG00000148773.14,0.0038717082
ENSG00000144040.13,0.0038679065
ENSG00000154839.10,0.0038662956
ENSG00000177469.13,0.0038612415
ENSG00000121152.10,0.0038603684
ENSG00000116132.12,0.0038583498
ENSG00000272622.2,0.0038518272
ENSG00000187889.13,0.0038489609
ENSG00000165092.13,0.0038475243
ENSG00000141574.8,0.0038463413
ENSG00000162105.19,0.0038435245
ENSG00000162670.11,0.0038370893
ENSG00000182022.18,0.0038262364
ENSG00000154127.10,0.0038256522
ENSG00000114757.19,0.0038254426
ENSG00000111665.12,0.003824663
ENSG00000211937.3,0.0038181655
ENSG00000130707.18,0.0038158211
ENSG00000153234.15,0.003812639
ENSG00000230873.9,0.003812086
ENSG00000144815.16,0.0038062166
ENSG00000113924.12,0.0038037966
ENSG00000115232.14,0.0037994771
ENSG00000198929.13,0.0037979134
ENSG00000203709.12,0.003796094
ENSG00000198886.2,0.003795336
ENSG00000160307.10,0.0037933835
ENSG00000112742.10,0.0037873397
ENSG00000112559.15,0.0037828758
ENSG00000211967.3,0.003779712
ENSG00000115594.12,0.0037745386
ENSG00000169515.8,0.0037721633
ENSG00000114251.15,0.0037717593
ENSG00000110324.11,0.003768007
ENSG00000143556.9,0.0037637344
ENSG00000185156.6,0.0037603173
ENSG00000181085.15,0.0037578214
ENSG00000186868.16,0.0037547967
ENSG00000147689.16,0.003742552
ENSG00000211648.2,0.0037406033
ENSG00000168675.19,0.0037367316
ENSG00000145386.11,0.0037314564
ENSG00000170832.13,0.0037304538
ENSG00000107518.18,0.0037276186
ENSG00000174498.14,0.0037236349
ENSG00000140511.12,0.003721924
ENSG00000205336.14,0.0037213555
ENSG00000149582.16,0.0037200656
ENSG00000095627.9,0.0037194008
ENSG00000168394.11,0.0037087423
ENSG00000138131.4,0.0037084082
ENSG00000166265.13,0.0037022454
ENSG00000006210.7,0.0036990177
ENSG00000125144.14,0.0036952544
ENSG00000173457.11,0.0036942493
ENSG00000148926.10,0.0036775551
ENSG00000079819.19,0.0036747744
ENSG00000115935.18,0.0036725993
ENSG00000131831.18,0.0036713122
ENSG00000163362.11,0.0036620486
ENSG00000167779.9,0.0036561778
ENSG00000165304.8,0.0036511219
ENSG00000165424.7,0.0036507277
ENSG00000185070.11,0.0036466394
ENSG00000136770.11,0.003643567
ENSG00000002933.9,0.0036426284
ENSG00000135451.13,0.0036365907
ENSG00000140403.12,0.0036303236
ENSG00000113448.19,0.0036252677
ENSG00000163406.11,0.0036213247
ENSG00000260284.1,0.0036017885
ENSG00000138166.6,0.0035966318
ENSG00000024422.12,0.0035946143
ENSG00000163220.11,0.0035936162
ENSG00000183160.9,0.0035908916
ENSG00000156414.19,0.0035853256
ENSG00000198826.11,0.0035809
ENSG00000184343.11,0.0035787472
ENSG00000134020.8,0.0035747462
ENSG00000135905.20,0.00356185
ENSG00000259527.2,0.0035462761
ENSG00000115355.17,0.0035389496
ENSG00000183018.9,0.0035299808
ENSG00000010030.14,0.0035260362
ENSG00000232216.1,0.0035104563
ENSG00000166006.14,0.0035085736
ENSG00000109861.17,0.0035017745
ENSG00000237550.5,0.003500954
ENSG00000198467.16,0.003500746
ENSG00000134460.18,0.0034978976
ENSG00000187240.16,0.0034978362
ENSG00000093009.11,0.0034962813
ENSG00000133317.16,0.0034957433
ENSG00000154122.14,0.0034918447
ENSG00000169607.13,0.003490582
ENSG00000253768.1,0.0034855083
ENSG00000156853.13,0.0034760984
ENSG00000091986.16,0.0034717
ENSG00000162078.11,0.0034592564
ENSG00000182054.10,0.0034528107
ENSG00000171551.12,0.003450719
ENSG00000129295.9,0.0034376848
ENSG00000205730.6,0.0034333048
ENSG00000090339.9,0.0034313058
ENSG00000121966.7,0.0034308613
ENSG00000248429.5,0.0034258247
ENSG00000159208.16,0.0034250992
ENSG00000007516.14,0.0034226966
ENSG00000248485.2,0.0034197036
ENSG00000138061.12,0.0034183445
ENSG00000134744.14,0.0034144954
ENSG00000154930.15,0.003401646
ENSG00000147256.12,0.0033996368
ENSG00000174827.14,0.0033868854
ENSG00000100368.14,0.003385349
ENSG00000136943.11,0.0033818826
ENSG00000067141.17,0.0033802437
ENSG00000117091.10,0.0033788814
ENSG00000250305.9,0.0033767873
ENSG00000117480.16,0.0033719325
ENSG00000155629.15,0.0033703393
ENSG00000165078.13,0.0033668764
ENSG00000114115.10,0.0033630894
ENSG00000196730.13,0.0033595038
ENSG00000211673.2,0.0033551191
ENSG00000198712.1,0.0033520604
ENSG00000064655.19,0.0033479074
ENSG00000112796.10,0.0033418224
ENSG00000213853.10,0.0033370054
ENSG00000211662.2,0.0033349805
ENSG00000163293.12,0.003324217
ENSG00000131386.19,0.0033096434
ENSG00000211598.2,0.0033081553
ENSG00000105419.18,0.0033027674
ENSG00000170190.16,0.0033004105
ENSG00000147168.13,0.003299192
ENSG00000103316.12,0.0032957757
ENSG00000154864.13,0.00329362
ENSG00000168078.10,0.0032885391
ENSG00000124939.6,0.0032851526
ENSG00000173267.14,0.0032837258
ENSG00000170442.12,0.003275168
ENSG00000164742.16,0.0032692929
ENSG00000168477.19,0.0032521968
ENSG00000181577.16,0.0032514855
ENSG00000211956.2,0.0032464492
ENSG00000137673.9,0.0032390347
ENSG00000162924.15,0.0032370023
ENSG00000235584.3,0.0032308327
ENSG00000122679.8,0.0032269496
ENSG00000173762.8,0.0032236953
ENSG00000235162.9,0.0032069387
ENSG00000118193.12,0.0031977887
ENSG00000166159.11,0.0031864203
ENSG00000171954.13,0.0031652616
ENSG00000168743.13,0.0031599875
ENSG00000287952.1,0.0031550461
ENSG00000117724.13,0.0031514943
ENSG00000024526.17,0.0031465588
ENSG00000262406.3,0.003142522
ENSG00000163762.7,0.0031415094
ENSG00000099864.18,0.0031318932
ENSG00000169047.5,0.0031130032
ENSG00000179271.3,0.0031065887
ENSG00000197168.13,0.0031029508
ENSG00000136826.15,0.0030973135
ENSG00000140398.14,0.0030933202
ENSG00000211952.3,0.0030833017
ENSG00000211899.10,0.0030698853
ENSG00000145649.8,0.0030619574
ENSG00000135547.9,0.0030588168
ENSG00000165905.18,0.0030578168
ENSG00000182575.8,0.003053815
ENSG00000171951.5,0.0030522223
ENSG00000126353.3,0.003049831
ENSG00000134107.5,0.003047764
ENSG00000136492.9,0.003044566
ENSG00000102879.16,0.0030441906
ENSG00000179241.13,0.0030410248
ENSG00000107807.13,0.0030394087
ENSG00000240065.8,0.0030386392
ENSG00000018408.15,0.0030382066
ENSG00000147138.3,0.0030345176
ENSG00000106789.13,0.0030244633
ENSG00000145362.20,0.0030234663
ENSG00000082175.15,0.0030195056
ENSG00000162599.17,0.003017407
ENSG00000123473.16,0.0030050357
ENSG00000073150.14,0.002997748
ENSG00000162894.12,0.0029918384
ENSG00000113739.10,0.0029848083
ENSG00000211951.2,0.0029775966
ENSG00000125398.8,0.0029739756
ENSG00000203727.4,0.0029653483
ENSG00000079215.14,0.0029642994
ENSG00000187193.9,0.0029525687
ENSG00000115902.11,0.0029439572
ENSG00000179456.10,0.0029405167
ENSG00000197106.7,0.002937412
ENSG00000112562.19,0.0029345474
ENSG00000080986.13,0.0029155123
ENSG00000123243.15,0.0029038861
ENSG00000117632.23,0.0029004242
ENSG00000157766.19,0.0028972651
ENSG00000124731.13,0.0028864506
ENSG00000059804.16,0.002883822
ENSG00000224078.15,0.002883646
ENSG00000144115.17,0.0028692984
ENSG00000198125.13,0.0028578
ENSG00000150995.20,0.0028526504
ENSG00000165929.13,0.002819187
ENSG00000167258.15,0.002805501
ENSG00000152082.15,0.0027972963
ENSG00000133424.22,0.0027968246
ENSG00000169129.15,0.0027913416
ENSG00000012124.17,0.0027848834
ENSG00000168405.17,0.002770809
ENSG00000138771.16,0.002762082
ENSG00000198727.2,0.0027589053
ENSG00000180447.7,0.0027583418
ENSG00000127564.17,0.002735818
ENSG00000129988.6,0.002713427
ENSG00000198851.10,0.0026956717
ENSG00000105639.20,0.0026954992
ENSG00000233041.8,0.002684489
ENSG00000184330.12,0.002684478
ENSG00000103269.14,0.0026764192
ENSG00000182326.15,0.002673388
ENSG00000137941.17,0.002662824
ENSG00000171223.6,0.002658724
ENSG00000169116.11,0.0026513517
ENSG00000171385.10,0.0026343982
ENSG00000168389.18,0.0026300908
ENSG00000168140.5,0.0026189866
ENSG00000113494.17,0.0026117128
ENSG00000177189.14,0.0025830436
ENSG00000131969.15,0.0025679164
ENSG00000225449.3,0.0025439938
ENSG00000073605.18,0.002539287
ENSG00000175591.12,0.0025298838
ENSG00000138074.15,0.0025253235
ENSG00000126787.13,0.002520381
ENSG00000071539.14,0.0025178043
ENSG00000165966.16,0.0025164308
ENSG00000154451.14,0.002513128
ENSG00000172137.19,0.0025107951
ENSG00000111912.20,0.0025040973
ENSG00000163697.17,0.0024945312
ENSG00000123485.12,0.0024896362
ENSG00000162636.16,0.002479303
ENSG00000211640.4,0.0024628483
ENSG00000185633.10,0.0024565859
ENSG00000058063.16,0.0024524494
ENSG00000058335.16,0.0024476687
ENSG00000169245.6,0.002436261
ENSG00000023445.16,0.002434274
ENSG00000161031.13,0.0024323757
ENSG00000211772.11,0.0024300928
ENSG00000117643.14,0.0024265219
ENSG00000211955.2,0.0024229414
ENSG00000123358.20,0.0023954266
ENSG00000182580.3,0.0023687412
ENSG00000186260.17,0.0023646252
ENSG00000062038.14,0.002352853
ENSG00000176014.13,0.0023479178
ENSG00000102316.17,0.0023292329
ENSG00000253361.3,0.002300459
ENSG00000211966.2,0.0022357795
ENSG00000211653.2,0.0022160874
ENSG00000211938.2,0.0021952654
ENSG00000271503.6,0.002189612
ENSG00000107242.20,0.0021816192
ENSG00000135048.14,0.0021735346
ENSG00000171401.15,0.002171632
ENSG00000153064.12,0.0021331743
ENSG00000233508.3,0.0021178012
ENSG00000166780.11,0.0020441194
ENSG00000204267.16,0.002027264
ENSG00000137502.10,0.0020222482
ENSG00000184113.9,0.0020016246
ENSG00000183421.12,0.0019897856
ENSG00000119888.11,0.001981004
ENSG00000079689.14,0.0019789564
ENSG00000129195.16,0.001823502
ENSG00000172349.17,0.0017852985
ENSG00000159873.10,0.0017849908
ENSG00000156738.18,0.0016471064
ENSG00000142583.18,0.0016428375
ENSG00000164611.13,0.0016288091
ENSG00000250612.2,0.0016038689
